-- MySQL dump 10.13  Distrib 8.0.41, for macos15 (arm64)
--
-- Host: 127.0.0.1    Database: wms_db
-- ------------------------------------------------------
-- Server version	9.4.0

/*!40101 SET @OLD_CHARACTER_SET_CLIENT=@@CHARACTER_SET_CLIENT */;
/*!40101 SET @OLD_CHARACTER_SET_RESULTS=@@CHARACTER_SET_RESULTS */;
/*!40101 SET @OLD_COLLATION_CONNECTION=@@COLLATION_CONNECTION */;
/*!50503 SET NAMES utf8 */;
/*!40103 SET @OLD_TIME_ZONE=@@TIME_ZONE */;
/*!40103 SET TIME_ZONE='+00:00' */;
/*!40014 SET @OLD_UNIQUE_CHECKS=@@UNIQUE_CHECKS, UNIQUE_CHECKS=0 */;
/*!40014 SET @OLD_FOREIGN_KEY_CHECKS=@@FOREIGN_KEY_CHECKS, FOREIGN_KEY_CHECKS=0 */;
/*!40101 SET @OLD_SQL_MODE=@@SQL_MODE, SQL_MODE='NO_AUTO_VALUE_ON_ZERO' */;
/*!40111 SET @OLD_SQL_NOTES=@@SQL_NOTES, SQL_NOTES=0 */;

--
-- Table structure for table `Clothing`
--

DROP TABLE IF EXISTS `Clothing`;
/*!40101 SET @saved_cs_client     = @@character_set_client */;
/*!50503 SET character_set_client = utf8mb4 */;
CREATE TABLE `Clothing` (
  `clothing_id` bigint DEFAULT NULL,
  `clothing_type` text,
  `material` text,
  `color` text,
  `size` text
) ENGINE=InnoDB DEFAULT CHARSET=utf8mb4 COLLATE=utf8mb4_0900_ai_ci;
/*!40101 SET character_set_client = @saved_cs_client */;

--
-- Dumping data for table `Clothing`
--

LOCK TABLES `Clothing` WRITE;
/*!40000 ALTER TABLE `Clothing` DISABLE KEYS */;
INSERT INTO `Clothing` VALUES (1,'Shoes','Polyester','White','M'),(2,'Pants','Cotton','Red','M'),(3,'Dress','Denim','White','M'),(4,'Shirt','Wool','Black','M'),(5,'Pants','Polyester','Blue','L'),(6,'Dress','Denim','White','S'),(7,'Pants','Wool','White','M'),(8,'Pants','Denim','Blue','L'),(9,'Pants','Polyester','Red','L'),(10,'Shoes','Wool','Black','XL'),(11,'Shoes','Denim','Black','S'),(12,'Shirt','Wool','Red','XL'),(13,'Jacket','Cotton','White','XL'),(14,'Shoes','Denim','Blue','XL'),(15,'Dress','Cotton','Black','L'),(16,'Dress','Polyester','Black','L'),(17,'Dress','Denim','Black','M'),(18,'Pants','Polyester','White','S'),(19,'Pants','Cotton','Blue','M'),(20,'Pants','Denim','Blue','L'),(21,'Shirt','Polyester','Red','XL'),(22,'Pants','Polyester','White','L'),(23,'Jacket','Polyester','Black','S'),(24,'Shoes','Cotton','Black','L'),(25,'Shoes','Wool','Black','L'),(26,'Pants','Denim','Blue','S'),(27,'Shirt','Polyester','Red','M'),(28,'Dress','Cotton','White','S'),(29,'Dress','Cotton','Red','L'),(30,'Pants','Polyester','Red','XL'),(31,'Shoes','Polyester','Red','S'),(32,'Dress','Wool','White','XL'),(33,'Jacket','Polyester','Blue','L'),(34,'Pants','Polyester','Black','L'),(35,'Shoes','Polyester','Black','XL'),(36,'Jacket','Cotton','Blue','XL'),(37,'Pants','Wool','Red','XL'),(38,'Shoes','Denim','Black','M'),(39,'Jacket','Wool','Red','XL'),(40,'Jacket','Wool','Blue','L'),(41,'Shirt','Denim','Blue','L'),(42,'Jacket','Wool','Blue','M'),(43,'Shoes','Denim','Black','S'),(44,'Dress','Denim','Blue','M'),(45,'Dress','Wool','White','M'),(46,'Shirt','Cotton','White','XL'),(47,'Shoes','Polyester','White','S'),(48,'Pants','Cotton','White','M'),(49,'Shoes','Denim','Red','S'),(50,'Shirt','Cotton','Black','M'),(51,'Jacket','Denim','Black','S'),(52,'Dress','Denim','White','M'),(53,'Pants','Cotton','Blue','S'),(54,'Jacket','Polyester','Red','L'),(55,'Shoes','Denim','White','XL'),(56,'Jacket','Wool','Black','M'),(57,'Shirt','Wool','Blue','L'),(58,'Pants','Cotton','Red','L'),(59,'Dress','Denim','White','S'),(60,'Shoes','Polyester','Blue','L'),(61,'Dress','Denim','White','XL'),(62,'Shirt','Cotton','Red','L'),(63,'Shirt','Polyester','Blue','XL'),(64,'Pants','Cotton','Red','M'),(65,'Shoes','Wool','Red','S'),(66,'Shirt','Polyester','White','XL'),(67,'Dress','Denim','Black','XL'),(68,'Jacket','Denim','Red','XL'),(69,'Dress','Denim','Red','L'),(70,'Shirt','Cotton','Red','M'),(71,'Jacket','Wool','White','M'),(72,'Shirt','Denim','Blue','L'),(73,'Shoes','Wool','Red','S'),(74,'Shoes','Denim','Black','M'),(75,'Jacket','Polyester','Blue','XL'),(76,'Shoes','Polyester','White','S'),(77,'Shirt','Cotton','White','M'),(78,'Dress','Polyester','Black','S'),(79,'Shirt','Polyester','Blue','M'),(80,'Pants','Polyester','White','XL'),(81,'Dress','Cotton','White','S'),(82,'Shirt','Denim','Black','S'),(83,'Jacket','Denim','White','XL'),(84,'Shirt','Denim','Blue','XL'),(85,'Shirt','Polyester','Red','XL'),(86,'Shoes','Wool','Red','L'),(87,'Jacket','Wool','White','L'),(88,'Jacket','Denim','White','L'),(89,'Dress','Wool','White','L'),(90,'Pants','Denim','White','M'),(91,'Pants','Polyester','Red','XL'),(92,'Pants','Polyester','Black','S'),(93,'Jacket','Polyester','Black','S'),(94,'Pants','Cotton','White','XL'),(95,'Dress','Denim','Red','XL'),(96,'Shirt','Cotton','Black','XL'),(97,'Shoes','Polyester','White','XL'),(98,'Jacket','Cotton','Black','XL'),(99,'Shirt','Wool','White','M'),(100,'Shoes','Polyester','Red','M'),(101,'Shirt','Cotton','Black','M'),(102,'Pants','Denim','Red','M'),(103,'Pants','Polyester','Blue','XL'),(104,'Dress','Cotton','Red','S'),(105,'Shoes','Wool','White','L'),(106,'Dress','Wool','Black','L'),(107,'Dress','Cotton','Red','XL'),(108,'Pants','Cotton','Blue','S'),(109,'Dress','Wool','Red','L'),(110,'Shoes','Wool','White','L'),(111,'Pants','Denim','Black','S'),(112,'Shirt','Wool','Blue','L'),(113,'Dress','Cotton','Red','XL'),(114,'Shoes','Wool','Black','L'),(115,'Jacket','Denim','Black','S'),(116,'Jacket','Denim','Black','S'),(117,'Shoes','Cotton','Red','S'),(118,'Dress','Polyester','White','XL'),(119,'Pants','Polyester','White','S'),(120,'Shoes','Polyester','Black','XL'),(121,'Jacket','Polyester','Red','M'),(122,'Shoes','Cotton','White','S'),(123,'Jacket','Polyester','Blue','L'),(124,'Pants','Denim','Black','L'),(125,'Pants','Cotton','Blue','L'),(126,'Shirt','Polyester','Red','M'),(127,'Shirt','Denim','Black','L'),(128,'Jacket','Wool','Red','L'),(129,'Pants','Polyester','White','L'),(130,'Jacket','Polyester','Black','M'),(131,'Pants','Wool','Black','M'),(132,'Dress','Denim','Red','M'),(133,'Pants','Wool','Blue','M'),(134,'Jacket','Wool','Black','S'),(135,'Jacket','Cotton','Red','XL'),(136,'Dress','Polyester','Red','L'),(137,'Jacket','Denim','Red','M'),(138,'Dress','Cotton','Black','S'),(139,'Dress','Polyester','Red','L'),(140,'Dress','Polyester','White','XL'),(141,'Shoes','Denim','White','L'),(142,'Pants','Cotton','Black','S'),(143,'Pants','Polyester','Black','S'),(144,'Shoes','Denim','White','S'),(145,'Pants','Cotton','Black','XL'),(146,'Dress','Denim','Red','L'),(147,'Shirt','Denim','White','S'),(148,'Shirt','Cotton','Blue','M'),(149,'Dress','Denim','White','XL'),(150,'Dress','Cotton','White','M'),(151,'Dress','Denim','Black','M'),(152,'Jacket','Wool','Red','M'),(153,'Dress','Polyester','Blue','M'),(154,'Pants','Wool','Red','S'),(155,'Shirt','Denim','Black','M'),(156,'Shoes','Wool','White','XL'),(157,'Shoes','Cotton','White','M'),(158,'Pants','Polyester','Blue','M'),(159,'Shoes','Cotton','White','M'),(160,'Jacket','Wool','Red','S'),(161,'Dress','Polyester','Black','M'),(162,'Shoes','Wool','Black','L'),(163,'Dress','Wool','Blue','M'),(164,'Jacket','Polyester','White','M'),(165,'Dress','Polyester','Red','M'),(166,'Pants','Denim','Red','L'),(167,'Shoes','Polyester','White','XL'),(168,'Shoes','Denim','White','S'),(169,'Dress','Polyester','Blue','M'),(170,'Jacket','Denim','White','L'),(171,'Dress','Denim','Blue','XL'),(172,'Pants','Denim','Black','M'),(173,'Shirt','Denim','Blue','XL'),(174,'Pants','Wool','Blue','S'),(175,'Jacket','Wool','White','M'),(176,'Shirt','Polyester','White','M'),(177,'Pants','Wool','Black','M'),(178,'Shoes','Wool','Blue','XL'),(179,'Jacket','Polyester','Black','M'),(180,'Jacket','Polyester','Blue','S'),(181,'Shoes','Cotton','White','S'),(182,'Dress','Polyester','Red','L'),(183,'Shoes','Polyester','Red','S'),(184,'Shirt','Denim','Black','XL'),(185,'Jacket','Wool','Blue','XL'),(186,'Shoes','Polyester','Black','S'),(187,'Pants','Denim','Red','M'),(188,'Dress','Denim','White','L'),(189,'Dress','Cotton','Blue','S'),(190,'Pants','Wool','Blue','S'),(191,'Jacket','Cotton','Black','XL'),(192,'Pants','Polyester','White','S'),(193,'Dress','Denim','Red','XL'),(194,'Shirt','Denim','Red','S'),(195,'Shoes','Polyester','Red','L'),(196,'Jacket','Denim','White','S'),(197,'Dress','Polyester','Blue','XL'),(198,'Dress','Denim','Blue','S'),(199,'Shoes','Denim','Red','M'),(200,'Dress','Polyester','Red','S'),(201,'Pants','Wool','Blue','M'),(202,'Jacket','Wool','Black','L'),(203,'Shirt','Wool','White','S'),(204,'Shoes','Polyester','Red','S'),(205,'Shirt','Denim','Black','XL'),(206,'Shoes','Cotton','Blue','XL'),(207,'Pants','Denim','Blue','XL'),(208,'Jacket','Polyester','Blue','S'),(209,'Pants','Wool','Red','L'),(210,'Jacket','Cotton','White','L'),(211,'Dress','Denim','Blue','S'),(212,'Pants','Denim','Black','S'),(213,'Shirt','Denim','Red','XL'),(214,'Pants','Wool','Red','S'),(215,'Jacket','Cotton','White','XL'),(216,'Shirt','Wool','Blue','S'),(217,'Shirt','Polyester','White','L'),(218,'Shoes','Polyester','Blue','S'),(219,'Pants','Wool','Red','L'),(220,'Shoes','Wool','White','M'),(221,'Jacket','Cotton','White','M'),(222,'Jacket','Denim','Blue','M'),(223,'Dress','Polyester','Black','S'),(224,'Jacket','Polyester','White','L'),(225,'Shoes','Cotton','Black','L'),(226,'Jacket','Denim','Black','M'),(227,'Jacket','Polyester','Blue','M'),(228,'Jacket','Wool','White','S'),(229,'Dress','Cotton','White','XL'),(230,'Pants','Denim','Blue','M'),(231,'Pants','Polyester','Blue','L'),(232,'Jacket','Cotton','Black','M'),(233,'Pants','Wool','White','L'),(234,'Jacket','Polyester','Black','M'),(235,'Jacket','Denim','Blue','S'),(236,'Pants','Wool','Blue','XL'),(237,'Pants','Wool','White','S'),(238,'Jacket','Polyester','Red','XL'),(239,'Pants','Wool','Blue','XL'),(240,'Dress','Cotton','Blue','L'),(241,'Shoes','Polyester','Black','S'),(242,'Pants','Polyester','Black','XL'),(243,'Pants','Polyester','White','S'),(244,'Pants','Cotton','Black','XL'),(245,'Dress','Cotton','Red','XL'),(246,'Shoes','Denim','Blue','XL'),(247,'Shoes','Wool','Red','L'),(248,'Dress','Denim','Red','M'),(249,'Shoes','Cotton','Blue','L'),(250,'Shoes','Cotton','White','S'),(251,'Shoes','Cotton','Black','L'),(252,'Jacket','Cotton','Black','L'),(253,'Shoes','Polyester','White','M'),(254,'Pants','Denim','White','M'),(255,'Shoes','Denim','Red','S'),(256,'Pants','Denim','Black','XL'),(257,'Shoes','Wool','Blue','S'),(258,'Dress','Polyester','Blue','M'),(259,'Shirt','Cotton','Red','L'),(260,'Dress','Polyester','Blue','L'),(261,'Shoes','Polyester','White','XL'),(262,'Dress','Denim','Red','L'),(263,'Pants','Polyester','Red','XL'),(264,'Pants','Denim','Red','S'),(265,'Shoes','Wool','Red','S'),(266,'Jacket','Wool','White','S'),(267,'Pants','Polyester','Black','XL'),(268,'Pants','Polyester','Blue','L'),(269,'Dress','Polyester','Black','S'),(270,'Pants','Denim','Blue','S'),(271,'Dress','Denim','Black','S'),(272,'Jacket','Polyester','Blue','M'),(273,'Shoes','Wool','Black','XL'),(274,'Jacket','Wool','Blue','XL'),(275,'Shirt','Polyester','Red','XL'),(276,'Pants','Wool','Blue','M'),(277,'Pants','Denim','Blue','XL'),(278,'Shirt','Cotton','White','XL'),(279,'Jacket','Wool','White','L'),(280,'Shirt','Polyester','Red','M'),(281,'Dress','Wool','White','S'),(282,'Shirt','Polyester','Red','M'),(283,'Jacket','Polyester','Blue','L'),(284,'Shoes','Denim','Red','L'),(285,'Jacket','Cotton','Black','M'),(286,'Shoes','Cotton','Red','XL'),(287,'Shoes','Denim','Red','S'),(288,'Shirt','Cotton','Red','XL'),(289,'Jacket','Cotton','Red','L'),(290,'Pants','Cotton','Red','M'),(291,'Dress','Wool','Blue','S'),(292,'Shirt','Cotton','White','L'),(293,'Shoes','Polyester','White','XL'),(294,'Jacket','Wool','White','L'),(295,'Pants','Wool','Blue','XL'),(296,'Shirt','Denim','Black','L'),(297,'Dress','Cotton','Black','M'),(298,'Dress','Cotton','Red','S'),(299,'Shoes','Polyester','White','XL'),(300,'Shoes','Denim','Red','XL'),(301,'Dress','Cotton','Blue','M');
/*!40000 ALTER TABLE `Clothing` ENABLE KEYS */;
UNLOCK TABLES;

--
-- Table structure for table `Distributes`
--

DROP TABLE IF EXISTS `Distributes`;
/*!40101 SET @saved_cs_client     = @@character_set_client */;
/*!50503 SET character_set_client = utf8mb4 */;
CREATE TABLE `Distributes` (
  `distributor_id` bigint DEFAULT NULL,
  `clothing_id` bigint DEFAULT NULL
) ENGINE=InnoDB DEFAULT CHARSET=utf8mb4 COLLATE=utf8mb4_0900_ai_ci;
/*!40101 SET character_set_client = @saved_cs_client */;

--
-- Dumping data for table `Distributes`
--

LOCK TABLES `Distributes` WRITE;
/*!40000 ALTER TABLE `Distributes` DISABLE KEYS */;
INSERT INTO `Distributes` VALUES (21,289),(12,108),(39,182),(1,108),(44,44),(18,157),(7,212),(37,128),(26,123),(48,26),(31,178),(42,234),(7,105),(7,68),(17,276),(24,195),(34,95),(18,31),(23,38),(28,72),(16,52),(6,209),(48,263),(9,84),(13,213),(40,170),(45,189),(19,203),(9,152),(39,227),(35,186),(8,91),(29,280),(31,140),(14,279),(18,23),(8,94),(5,88),(6,239),(25,59),(9,141),(14,192),(26,182),(33,294),(40,120),(49,23),(4,70),(14,15),(48,142),(21,217),(41,67),(13,8),(13,162),(44,16),(28,136),(35,76),(4,1),(9,109),(7,91),(28,183),(34,18),(9,173),(46,12),(35,253),(18,112),(22,204),(6,99),(21,87),(34,184),(18,12),(42,176),(38,205),(22,202),(29,265),(13,283),(24,222),(36,135),(16,178),(48,32),(19,168),(48,250),(33,85),(39,45),(25,2),(19,60),(36,158),(18,18),(47,212),(19,240),(28,132),(3,213),(50,81),(31,152),(21,187),(26,6),(25,84),(2,214),(44,49),(1,134),(26,139),(20,64),(40,240),(30,261),(10,78),(4,24),(10,197),(22,285),(17,248),(15,195),(26,103),(44,1),(5,106),(2,280),(29,199),(34,151),(46,127),(23,200),(11,193),(23,132),(27,61),(7,120),(18,98),(5,28),(7,297),(2,173),(5,247),(27,13),(9,24),(46,219),(6,261),(22,56),(23,251),(16,174),(47,269),(34,278),(45,151),(24,118),(42,182),(12,298),(46,100),(15,4),(3,146),(48,223),(18,273),(48,120),(30,296),(33,234),(21,181),(14,202),(5,158),(34,275),(20,208),(37,190),(37,178),(18,241),(34,165),(37,101),(28,177),(26,292),(25,299),(13,104),(38,288),(16,159),(27,90),(26,188),(27,222),(15,170),(36,17),(17,1),(21,50),(42,252),(7,251),(42,251),(5,114),(14,79),(1,22),(16,60),(28,243),(39,69),(29,168),(32,199),(38,2),(39,281),(43,114),(12,265),(40,149),(28,58),(24,63),(11,207),(43,8),(30,297),(49,26),(3,234),(19,199),(18,285),(20,54),(11,186),(27,20),(4,180),(18,202),(41,242),(29,226),(32,60),(30,31),(38,216),(38,100),(44,26),(13,152),(12,295),(15,34),(4,56),(22,82),(42,221),(36,160),(39,73),(16,76),(29,38),(46,289),(26,121),(32,164),(7,111),(45,225),(36,168),(25,195),(13,284),(37,182),(8,278),(14,56),(21,122),(44,241),(33,140),(25,9),(17,257),(23,191),(27,132),(27,237),(49,180),(10,275),(29,179),(42,249),(3,192),(25,163),(10,143),(10,141),(21,56),(26,244),(47,156),(2,51),(43,205),(25,201),(45,261),(44,293),(24,28),(34,235),(27,251),(42,139),(4,191),(20,196),(37,273),(36,48),(49,57),(14,42),(8,130),(26,19),(44,244),(5,215),(42,40),(28,88),(28,62),(50,99),(19,211),(12,156),(22,137),(34,124),(21,251),(2,5),(18,46),(28,39),(32,139),(5,10),(46,37),(47,147),(19,38),(8,135),(7,89),(47,218),(27,180),(15,198),(49,293),(17,80),(12,162),(48,66),(33,289),(19,261),(18,87),(9,279);
/*!40000 ALTER TABLE `Distributes` ENABLE KEYS */;
UNLOCK TABLES;

--
-- Table structure for table `Distributor`
--

DROP TABLE IF EXISTS `Distributor`;
/*!40101 SET @saved_cs_client     = @@character_set_client */;
/*!50503 SET character_set_client = utf8mb4 */;
CREATE TABLE `Distributor` (
  `distributor_id` bigint DEFAULT NULL,
  `distributor_name` text
) ENGINE=InnoDB DEFAULT CHARSET=utf8mb4 COLLATE=utf8mb4_0900_ai_ci;
/*!40101 SET character_set_client = @saved_cs_client */;

--
-- Dumping data for table `Distributor`
--

LOCK TABLES `Distributor` WRITE;
/*!40000 ALTER TABLE `Distributor` DISABLE KEYS */;
INSERT INTO `Distributor` VALUES (1,'Stewart, Bridges and Adams'),(2,'Jacobson, Cox and Williams'),(3,'Smith-Arroyo'),(4,'Sanchez-Lewis'),(5,'Bennett-Moody'),(6,'Watson-Jackson'),(7,'Harrington Inc'),(8,'Riley, Robles and Kelly'),(9,'Mullins Ltd'),(10,'Maldonado PLC'),(11,'Ramirez-Lopez'),(12,'Wright PLC'),(13,'Brown, Lamb and Barber'),(14,'Allen, Gray and Walsh'),(15,'Mendez-Clark'),(16,'Bowman, Cruz and Lopez'),(17,'Moore-Mcdaniel'),(18,'Vargas LLC'),(19,'Bryan, Rios and Johnson'),(20,'Johnson-Love'),(21,'Davis, Sanchez and Bowers'),(22,'Smith PLC'),(23,'Welch LLC'),(24,'Ortiz, Martin and Alexander'),(25,'Myers-Gray'),(26,'Waller, Silva and Woodard'),(27,'Curry and Sons'),(28,'Huber LLC'),(29,'Henderson-Jackson'),(30,'Hamilton, Vazquez and Black'),(31,'Haynes, Harris and Horton'),(32,'James, Stevens and Williams'),(33,'Fox-Carroll'),(34,'Malone and Sons'),(35,'Stevenson LLC'),(36,'Lee, Clark and Johnson'),(37,'Dyer-Kelly'),(38,'Johns PLC'),(39,'Rodriguez, Charles and Costa'),(40,'Underwood, Schaefer and Reynolds'),(41,'Wilson Inc'),(42,'Simpson and Sons'),(43,'Anthony PLC'),(44,'Taylor, Roy and Gardner'),(45,'Peterson-Rowe'),(46,'Frederick, Perry and Bernard'),(47,'Johnson, Washington and Gonzalez'),(48,'Mclean, Santiago and Rodriguez'),(49,'Johnson Ltd'),(50,'Meadows-Griffin');
/*!40000 ALTER TABLE `Distributor` ENABLE KEYS */;
UNLOCK TABLES;

--
-- Table structure for table `Employee`
--

DROP TABLE IF EXISTS `Employee`;
/*!40101 SET @saved_cs_client     = @@character_set_client */;
/*!50503 SET character_set_client = utf8mb4 */;
CREATE TABLE `Employee` (
  `ssn` bigint DEFAULT NULL,
  `emp_name` text,
  `salary` bigint DEFAULT NULL,
  `emp_role` text
) ENGINE=InnoDB DEFAULT CHARSET=utf8mb4 COLLATE=utf8mb4_0900_ai_ci;
/*!40101 SET character_set_client = @saved_cs_client */;

--
-- Dumping data for table `Employee`
--

LOCK TABLES `Employee` WRITE;
/*!40000 ALTER TABLE `Employee` DISABLE KEYS */;
INSERT INTO `Employee` VALUES (82441965,'Maurice Smith',57175,'Supply Chain'),(694824671,'Jillian Williams',44015,'Inventory'),(176714909,'John Herrera',48195,'Supply Chain'),(674836879,'Christopher Shelton',88225,'Inventory'),(470957557,'Christopher Martinez',103863,'Regional'),(817804644,'Cassandra Vance',105419,'Inventory'),(489264293,'Anna Woods',102419,'Supply Chain'),(387241486,'Frank Campbell',112732,'Inventory'),(401273245,'Sergio Morales',61772,'Regional'),(794345000,'Dale Long',62390,'Inventory'),(831209365,'Susan Burgess',66443,'Regional'),(568219262,'Susan Robinson',42928,'Supply Chain'),(340405941,'Tamara Savage',66328,'Inventory'),(320416819,'Mark Martin',53799,'Supply Chain'),(863058655,'Michael Henry',70887,'Supply Chain'),(383682233,'Meagan Melton',56205,'Inventory'),(881914504,'Lindsey Thompson',75327,'Regional'),(817527930,'Denise Young',98888,'Regional'),(432641210,'Jay Alexander',46184,'Regional'),(262039292,'Jason Jefferson',53525,'Supply Chain'),(891537062,'Amy Gates',114760,'Supply Chain'),(832966296,'Julie Johnson',107599,'Inventory'),(629438554,'Linda Benton DDS',88447,'Supply Chain'),(237404392,'Nicole Randall',90690,'Inventory'),(557200834,'Mrs. Casey Phillips MD',77534,'Inventory'),(517219124,'Jason Morton',88619,'Inventory'),(173074917,'Jeffrey West',106206,'Inventory'),(836523263,'Jacob Butler',98375,'Supply Chain'),(319258719,'Carrie Spencer',117263,'Supply Chain'),(646266918,'Rachel Morales',41976,'Inventory'),(431621303,'Rebecca Jones',55563,'Inventory'),(237129657,'Crystal Bond',48286,'Inventory'),(420449796,'Brian Deleon',40437,'Inventory'),(838900986,'Daniel Vasquez',61334,'Inventory'),(369579381,'Brandi Perry',70888,'Inventory'),(190755046,'Christina White',65055,'Supply Chain'),(671871734,'Victoria Terrell',105588,'Regional'),(452830317,'Misty Glover',98377,'Inventory'),(658158976,'Lauren Finley',43772,'Regional'),(315653111,'Andrew Brown',57152,'Regional'),(765124123,'Michael Ramos',105632,'Supply Chain'),(79128888,'Stephanie Martinez',58062,'Inventory'),(761320220,'Bryan Bond',62529,'Regional'),(661167492,'Kevin King',96185,'Regional'),(461038877,'Brooke Phillips',107131,'Regional'),(696496708,'Cody Briggs',53303,'Inventory'),(195831507,'Laura Taylor',42602,'Inventory'),(185741033,'John Smith',61264,'Inventory'),(801205601,'Brooke Smith',99911,'Inventory'),(526075607,'Heather Sandoval',91251,'Inventory'),(350244537,'Melissa Smith',119633,'Supply Chain'),(411915549,'Sean Kaufman',96982,'Regional'),(155415346,'Victor Gomez',55680,'Inventory'),(64979568,'David Castillo',92881,'Inventory'),(585028248,'Breanna Fry',77458,'Regional'),(393042396,'David Valenzuela',63145,'Supply Chain'),(478194096,'Kathy Patel',90189,'Supply Chain'),(259180156,'Robin Mitchell',81779,'Inventory'),(300959521,'Thomas Miller',61821,'Regional'),(10143756,'Tricia Long',86517,'Supply Chain'),(144114601,'Linda Jones',88970,'Supply Chain'),(43141144,'Brittany Brady',101961,'Regional'),(449337559,'Kyle Ferrell',100914,'Inventory'),(37194161,'Aaron Mckee',94907,'Regional'),(93475304,'James Wells',56724,'Inventory'),(192523437,'Jesse Ward',74686,'Supply Chain'),(765681860,'Amanda Jones',68595,'Regional'),(365595695,'Stephanie Davis',70318,'Inventory'),(185112705,'Leslie Rios',114538,'Regional'),(257985309,'Stacy Jordan',42116,'Inventory'),(565366801,'Mary Frank',72215,'Inventory'),(76666670,'Maria Green',64952,'Supply Chain'),(691602947,'Elizabeth Holden MD',68461,'Supply Chain'),(311036665,'Daniel Romero',64377,'Regional'),(158985798,'David Kelly',111163,'Regional'),(651850092,'Mr. Timothy Evans',73664,'Inventory'),(868466358,'Joshua Lee',90009,'Inventory'),(317213631,'Erin Rodriguez',99726,'Regional'),(516402571,'Christopher Vasquez',56056,'Supply Chain'),(114059765,'Lisa Smith',69004,'Supply Chain'),(875855203,'Taylor White',93011,'Regional'),(697199736,'Christine Lopez',58135,'Supply Chain'),(823125335,'Marcus Kerr',88874,'Supply Chain'),(664552257,'Stephen Brown',48408,'Regional'),(826899228,'Hannah Boyd',57994,'Supply Chain'),(247039993,'Mr. Aaron Vang',62932,'Regional'),(443696542,'Nichole Martin',53248,'Supply Chain'),(243703571,'Nathan Baker',98398,'Regional'),(813499707,'Jennifer Grant',108514,'Inventory'),(846170910,'Susan Wiley',105972,'Regional'),(286078484,'Brent Chang',109737,'Inventory'),(591269152,'David Barnes',98920,'Regional'),(5742249,'Robert Gonzalez',63011,'Supply Chain'),(556245636,'Ruth Padilla',56933,'Supply Chain'),(346865892,'Jennifer Henry',98727,'Inventory'),(190297892,'Danielle Morris',61721,'Inventory'),(194311145,'Darren Gates',98352,'Inventory'),(155866743,'Randy Bautista',110311,'Regional'),(269981639,'Amanda Miller',43084,'Supply Chain'),(298958590,'Christina Lambert',115118,'Regional'),(248156911,'Allison Petty',115371,'Regional'),(815297087,'Tyler Hill',78311,'Inventory'),(533050788,'Jennifer Watson',63245,'Inventory'),(682567879,'Lisa Lloyd',69234,'Inventory'),(384585059,'Angela Williamson',87112,'Supply Chain'),(330256113,'Mitchell Jones',71439,'Inventory'),(476139696,'Breanna Richard',88713,'Inventory'),(329524399,'Christopher Peck',112795,'Inventory'),(266461952,'Allison Hall',71926,'Supply Chain'),(775094741,'Randall Miller',67426,'Regional'),(838444380,'Lee Cook',87053,'Supply Chain'),(593038756,'Tanya Crosby',76143,'Supply Chain'),(570333528,'Stacy Spencer',97722,'Regional'),(552182553,'Dr. Kimberly Martinez',55686,'Supply Chain'),(63504766,'Wayne Fuentes',101493,'Inventory'),(231092085,'Alejandra Evans',45018,'Inventory'),(849806732,'Eric Fowler',53027,'Inventory'),(644166454,'James Rivera',71499,'Regional'),(870016755,'Heidi Morris',62571,'Inventory'),(584996045,'Abigail Phillips',62346,'Inventory'),(63416058,'David Lewis',81068,'Supply Chain'),(40734509,'Roy Mejia',68570,'Inventory'),(375245336,'Madeline Chapman',109482,'Regional'),(331480757,'Rodney Mathews',49676,'Supply Chain'),(619926819,'John Ramirez',91402,'Regional'),(181522069,'Ryan Thomas',65592,'Regional'),(649511411,'Kelsey Fry',40673,'Regional'),(265033647,'Dennis Wood',113510,'Regional'),(71728654,'Stephen Baker',85068,'Supply Chain'),(567771299,'Dwayne Roberts',91808,'Inventory'),(721742060,'Larry Thomas',92028,'Supply Chain'),(3106616,'Jeffrey Michael',98739,'Regional'),(213658061,'Christopher Campbell',46428,'Inventory'),(401224279,'Scott Taylor',78260,'Supply Chain'),(65860866,'Katherine Chan',100577,'Regional'),(484842732,'Alan Webb',76339,'Inventory'),(164424535,'Jennifer Rodriguez',60422,'Supply Chain'),(191710275,'Nicole Smith',43407,'Inventory'),(836530574,'Dr. Natalie Sandoval MD',52962,'Regional'),(652108769,'Mr. Paul Mann',45894,'Supply Chain'),(369328782,'Heidi Gray',59789,'Supply Chain'),(576463250,'Michael Mcmillan',94339,'Regional'),(178522376,'Eric Kelly',106325,'Supply Chain'),(61368726,'Jill Sloan',66909,'Inventory'),(193578633,'Debbie Johnson',45176,'Regional'),(654396779,'Christopher Rocha',119459,'Regional'),(216720395,'Dr. Edward Jordan',98011,'Regional'),(363806582,'Anna Dean',97529,'Inventory'),(570197389,'Derrick Murphy',86284,'Regional'),(261760279,'Tricia Gray',94924,'Supply Chain'),(444676922,'Amber Love',95671,'Supply Chain'),(752332428,'Joann Duran',56432,'Regional'),(818970461,'Diana Burgess',76965,'Supply Chain'),(222722292,'Jennifer Price',86199,'Supply Chain'),(509504260,'Michael Martinez',118276,'Regional'),(100079819,'Jennifer Smith',101256,'Supply Chain'),(709847856,'Amber Brown',81081,'Inventory'),(519816031,'Jocelyn Hernandez',55510,'Inventory'),(62465110,'Andrew Reynolds',83626,'Supply Chain'),(691904232,'Matthew Mason',88976,'Inventory'),(586553887,'Robert Swanson',57391,'Supply Chain'),(445224654,'Austin Dawson',94887,'Regional'),(445808508,'Shawn Lucas',114963,'Inventory'),(252714841,'Shirley Krueger MD',109796,'Supply Chain'),(234037077,'Connie Rodriguez',119185,'Supply Chain'),(433223644,'Russell Stewart',104304,'Regional'),(835163385,'Whitney Harvey',65365,'Inventory'),(469277257,'Ryan Bond',56428,'Regional'),(291702129,'Sharon Blevins',73774,'Supply Chain'),(573894392,'Adam Blevins',103813,'Regional'),(103647305,'Jessica Fox',68941,'Supply Chain'),(789349975,'Frank Walter',47852,'Regional'),(888736011,'Michael Pham',83473,'Supply Chain'),(377400909,'Bethany Cain',112346,'Inventory'),(857444829,'Ethan Torres',69636,'Inventory'),(129510446,'Steven Davis',44212,'Supply Chain'),(769356142,'Thomas Armstrong',104882,'Inventory'),(159781285,'Heather Montgomery',63239,'Supply Chain'),(330126533,'Roberta Cox',118907,'Inventory'),(770948828,'Charles Hatfield',45596,'Inventory'),(470897410,'Joshua Vasquez',89157,'Inventory'),(538711827,'Nicole Stevens',70067,'Supply Chain'),(562275896,'Theresa Donaldson',43512,'Supply Chain'),(350287603,'Justin Robinson',52594,'Inventory'),(87261999,'Michael Ramirez',119736,'Supply Chain'),(113799195,'Jorge Hill',72056,'Supply Chain'),(895725355,'John Baker',77067,'Inventory'),(483385484,'Jeffrey Brock',85039,'Inventory'),(356874577,'David James',55957,'Inventory'),(259737306,'Christopher Bell',53718,'Supply Chain'),(89104867,'Anthony Lopez',86202,'Inventory'),(514896618,'Joseph Walter',119631,'Supply Chain'),(347146309,'Steve Parker',85658,'Supply Chain'),(876247977,'Brittney Steele',89807,'Regional'),(71067817,'Dillon Allison',115451,'Inventory'),(93087509,'Ricky Campos',44139,'Inventory'),(844137155,'Makayla Ramos',63800,'Supply Chain'),(288058541,'Shannon Manning',61007,'Regional'),(773853754,'Anthony Howard',69972,'Inventory'),(42165234,'Gregory Butler',67624,'Regional'),(494923605,'Tara Romero',86824,'Inventory'),(62456855,'Patricia Wells',71608,'Supply Chain'),(613784654,'Lisa Murphy',110898,'Inventory'),(504776788,'Linda Mccullough',82987,'Regional'),(647864511,'Benjamin Hoffman',59326,'Supply Chain'),(81488905,'Samuel Crawford',114354,'Inventory'),(797071098,'Kelly Foster',112732,'Regional'),(866853398,'Anna Wallace',95868,'Supply Chain'),(800708124,'Thomas Padilla',51892,'Inventory'),(80669830,'Christopher Robinson',67456,'Inventory'),(106609541,'Michelle Rodriguez',41200,'Inventory'),(265487353,'Scott Barnes',110039,'Inventory'),(783050266,'Derrick White',96949,'Inventory'),(8200088,'Michelle Navarro',102159,'Inventory'),(338030748,'Deanna Sandoval',112353,'Regional'),(291935242,'Michelle Wilson',74308,'Regional'),(195589925,'Megan Webb',49493,'Supply Chain'),(279370193,'Justin Warren',111035,'Supply Chain'),(565902028,'Carlos Guerra',114231,'Inventory'),(89965700,'Samantha Hampton',99410,'Inventory'),(84592302,'Jose Welch',45333,'Inventory'),(876803540,'Cynthia Brown',68487,'Inventory'),(97288642,'Hannah Lawrence',76570,'Supply Chain'),(32256175,'Amy Meyer',115975,'Regional'),(310696227,'Jason Mills',58681,'Inventory'),(327074380,'Leah Ellison',114661,'Inventory'),(89615372,'Cristian Heath',67198,'Inventory'),(235495085,'Darrell Donovan',64695,'Regional'),(670583103,'Mr. Paul Smith',79599,'Supply Chain'),(533775228,'George Lane',67331,'Regional'),(447019973,'Anthony Palmer',81942,'Regional'),(749320352,'James Brown',56538,'Regional'),(66930253,'Courtney Perry',115435,'Inventory'),(62297414,'Ryan Vincent',114322,'Supply Chain'),(810321719,'Gabriel Larsen',79435,'Supply Chain'),(677531957,'Justin Robinson',116042,'Regional'),(327970858,'Elizabeth Duarte',75291,'Inventory'),(825067962,'Jamie Russo',51355,'Regional'),(704771553,'Gary Swanson',82955,'Regional'),(495685260,'Steven Moran',54068,'Supply Chain'),(84833614,'Jamie Boyd',83636,'Inventory'),(173556996,'Donald Gonzales',72818,'Supply Chain'),(544451786,'Jennifer Young',99219,'Inventory'),(747471037,'Brittany Williams',52668,'Supply Chain'),(691520129,'Brooke Johnson',119296,'Regional'),(884323896,'Kendra Larson',49431,'Inventory'),(403503597,'Katherine Cochran',100045,'Regional'),(468623066,'Joseph Baker',68306,'Regional'),(123435245,'Mary Finley',111754,'Supply Chain'),(389248818,'Jennifer Obrien DVM',66201,'Regional'),(786696686,'Regina Anderson',95268,'Supply Chain'),(617106136,'John Daniels',83134,'Supply Chain'),(510564845,'Christopher Cole',69864,'Supply Chain'),(810573047,'Dominique Klein',59379,'Inventory'),(480713793,'Krystal Fuller',98466,'Inventory'),(827858477,'Lisa Medina',51550,'Regional'),(670208821,'Sandra Cruz',54600,'Inventory'),(314886609,'Brandi Chung',103797,'Regional'),(774051167,'Luke Smith',43276,'Regional'),(609822021,'Christopher Hale',60243,'Regional'),(515382043,'Andrew Hicks',60017,'Supply Chain'),(10809198,'Brian Matthews',45718,'Regional'),(2860043,'Michael Mason',61818,'Supply Chain'),(758334171,'Alexandra Stephens',51336,'Regional'),(862843525,'Katelyn Collins',109384,'Supply Chain'),(571718475,'Christopher Garrison',61044,'Inventory'),(416494173,'Chad Tucker',81060,'Supply Chain'),(728782414,'Jamie Turner',94574,'Supply Chain'),(254878010,'Michelle Vance',78174,'Regional'),(142589522,'Paul Wagner',116451,'Supply Chain'),(350940251,'Bailey Gutierrez',61968,'Supply Chain'),(41692184,'Reginald Michael',96301,'Supply Chain'),(756015437,'Aaron Strong',66033,'Regional'),(133394700,'Brandon Garcia',103689,'Regional'),(76028907,'Dawn Moore',70841,'Supply Chain'),(57904953,'Amanda Maldonado',111427,'Inventory'),(290397765,'Allison Miller',60471,'Regional'),(439840652,'Dawn Burnett',83491,'Regional'),(614621501,'Angela Hardy',48094,'Inventory'),(624094743,'Taylor Savage',88471,'Regional'),(807851119,'Mary Garrett',89519,'Inventory'),(433991244,'Zachary Oconnor',119385,'Regional'),(582101378,'Cheyenne Rodriguez',89485,'Regional'),(155680290,'Jennifer Chang',117610,'Supply Chain'),(112899352,'Katherine Smith',77513,'Regional'),(8899276,'Mark Lloyd',48351,'Inventory'),(622637171,'Sheila Mathis',77939,'Regional'),(368640883,'Isaac Johnson',46602,'Inventory'),(777239134,'Bryan Christian',71337,'Supply Chain'),(581111896,'Anthony Barnett',89922,'Inventory'),(341185483,'Franklin Williams',102544,'Supply Chain'),(617696201,'Michael Kim',50266,'Supply Chain'),(873700634,'John Bender',105517,'Inventory'),(411905970,'Harold Vargas',64993,'Regional'),(458172575,'Michelle Murphy',94638,'Supply Chain'),(100885926,'Melissa Daniel',67194,'Supply Chain'),(716273802,'Frank Gardner',52901,'Inventory'),(877740261,'Kevin Craig',47962,'Supply Chain'),(867154871,'Michael Cunningham',62801,'Regional'),(521297807,'Anthony Dunn',107354,'Inventory'),(390720948,'John Moody',103544,'Supply Chain'),(6487358,'Mr. Scott Jones',64674,'Regional'),(842767850,'Alicia Harris',81047,'Supply Chain'),(567713262,'Janet Edwards',107851,'Inventory'),(393841094,'Ryan Santos',51011,'Regional'),(486198367,'Tara White',59094,'Inventory'),(296625943,'Kristina Decker',97398,'Inventory'),(610607365,'Douglas Gonzalez',58591,'Inventory'),(846032676,'Elizabeth Trevino DDS',69889,'Inventory'),(619550947,'Ashley Flores',64046,'Inventory'),(668809118,'Laura Lee',61792,'Regional'),(887086933,'Jacob Johnson',102838,'Supply Chain'),(15732851,'Evelyn Gillespie',111837,'Supply Chain'),(750532792,'Carl Murray',88317,'Regional'),(448985036,'Micheal Thomas',84303,'Inventory'),(717573878,'Elizabeth Gonzales',80830,'Inventory'),(891465436,'Kathy Cook',102154,'Inventory'),(551174298,'Janet Pace',119108,'Inventory'),(517989461,'Jordan Newton',85306,'Inventory'),(315211590,'Sierra Foster',72535,'Regional'),(350539320,'Jose Miller',103027,'Supply Chain'),(800511039,'Mr. Larry Terry',51888,'Inventory'),(399233966,'Jason Lewis',101027,'Supply Chain'),(848251688,'Jason Willis',111813,'Regional'),(753148374,'Mallory Moon',88521,'Inventory'),(392274880,'Gary Lee',69062,'Supply Chain'),(463327352,'Cesar Olson',117523,'Supply Chain'),(850697657,'Victoria Jackson',104289,'Supply Chain'),(473308716,'Hayley Peterson',95527,'Inventory'),(586532191,'James Davis',102974,'Inventory'),(439791020,'Mark Alvarado',65585,'Inventory'),(425926092,'Morgan Richardson',114212,'Regional'),(117041990,'Karina Smith',118319,'Regional'),(301402644,'Ronald Burke',77057,'Inventory'),(109596976,'Christina Terrell',51872,'Regional'),(435452297,'Kristen Lindsey',93540,'Regional'),(501805734,'Mark Smith',115888,'Supply Chain'),(371049342,'Dana French',116127,'Supply Chain'),(432778102,'Alexandra Taylor',101999,'Supply Chain'),(291375058,'Zachary Torres',64358,'Inventory'),(82117495,'Ms. Beth Murphy',66425,'Regional'),(542263992,'James Mcmahon',100746,'Regional'),(3783159,'Deborah Walter',100105,'Supply Chain'),(823139057,'Jonathan Brown MD',99078,'Inventory'),(216228943,'Joel Case',52934,'Inventory'),(766094996,'Ryan Barnes',60578,'Inventory'),(704978807,'Kevin Burns',49914,'Supply Chain'),(203983802,'Cathy Moore',43746,'Supply Chain'),(173556298,'Ruth Franklin',43981,'Supply Chain'),(281500470,'Christy Young',117955,'Supply Chain'),(320078217,'Maria Gibson',117497,'Inventory'),(769972727,'Teresa Luna',69271,'Inventory'),(42106860,'Tony Williams',49068,'Supply Chain'),(168774090,'Gabrielle Carpenter',93013,'Inventory'),(338785864,'Tommy Carter',77346,'Supply Chain'),(731845331,'Jennifer Jones',41093,'Inventory'),(469344517,'Scott Joyce',93140,'Supply Chain'),(678644884,'Angela Case',73676,'Regional'),(365265285,'Noah Wilson',99635,'Supply Chain'),(429670136,'Monica Wilson',92272,'Regional'),(358938759,'Brian Davis',95012,'Inventory'),(372024344,'Keith Foley',55269,'Supply Chain'),(431015839,'Joseph Payne',58088,'Inventory'),(475545619,'James Williams',76702,'Inventory'),(326505723,'Jessica Jenkins',51889,'Inventory'),(887499610,'Bethany Smith',105027,'Inventory'),(402249178,'Andrea Nichols',88056,'Inventory'),(575488438,'Monique Cameron',49167,'Supply Chain'),(330849790,'Julie Perry',83102,'Inventory'),(53370033,'Don Yates',114605,'Supply Chain'),(18134815,'Kristina Hall',119328,'Supply Chain'),(122985598,'Philip Lee',98724,'Inventory'),(876819372,'Seth Lara',96510,'Inventory'),(181059244,'Victor Mueller',55341,'Supply Chain'),(319358003,'Jenna Camacho',84762,'Supply Chain'),(290898693,'Lori Li',75508,'Inventory'),(783904062,'Willie Snyder',84368,'Inventory'),(874107354,'Matthew Thompson',59418,'Supply Chain'),(776219538,'Ryan Franco',87308,'Inventory'),(717869082,'Catherine Mckenzie',50584,'Supply Chain'),(688070475,'Angela Palmer',81208,'Inventory'),(599733306,'Brandy Patrick',115603,'Regional'),(274493318,'Michelle Tucker',108988,'Inventory'),(793263387,'Jane Sutton',99465,'Inventory'),(131332534,'Kenneth Davis',51359,'Supply Chain'),(326615021,'Randall Lopez',51491,'Supply Chain'),(217779885,'Michael Rodriguez',48966,'Supply Chain'),(34057293,'Kirk Johnson',110579,'Supply Chain'),(211202083,'Gregory Russo',115420,'Supply Chain'),(183350573,'Jamie Howard',57912,'Inventory'),(843690498,'Crystal Clark DDS',100775,'Supply Chain'),(338546567,'David Robbins',108206,'Inventory'),(696942786,'Amy Gilbert',72405,'Supply Chain'),(671672737,'David Russo',44487,'Inventory'),(594398451,'Cynthia Pitts',76080,'Supply Chain'),(38944926,'Amanda Sutton',54060,'Supply Chain'),(890794896,'Jeffrey Garcia',56653,'Regional'),(118613037,'Miguel Hernandez MD',71983,'Regional'),(60268346,'Lisa Davis',79755,'Regional'),(894394172,'Savannah Gallagher',55050,'Inventory'),(709799068,'Judy Robbins',119369,'Regional'),(761470985,'Laura Martinez',77004,'Regional'),(230593601,'Danielle Castro',64381,'Inventory'),(305060877,'Jaime Carroll',81392,'Inventory'),(471782046,'Derek Bridges',107768,'Inventory'),(841581550,'Karen Farrell',65569,'Supply Chain'),(503420576,'Samuel Garza',79274,'Supply Chain'),(57297726,'Jennifer Allen',47281,'Supply Chain'),(493822913,'Hannah Webb',86630,'Inventory'),(425635845,'Randall Phillips',58326,'Supply Chain'),(338993248,'Michael Espinoza',53639,'Supply Chain'),(269154384,'Mark Taylor',89049,'Regional'),(55326790,'Alexa Khan',91917,'Regional'),(812259435,'Ryan Rojas',113960,'Supply Chain'),(182609606,'Mitchell Thomas',106943,'Inventory'),(108945868,'Tom Cox',104442,'Supply Chain'),(235247330,'Michelle Buckley',75472,'Regional'),(631926497,'Nicole Bradley',85107,'Regional'),(679490307,'Monica Mcguire',114990,'Supply Chain'),(637921428,'Taylor Vargas',46733,'Regional'),(457322859,'Mary Watts',45627,'Inventory'),(247830632,'Emily Lutz',100251,'Regional'),(898058026,'Benjamin Parsons',57837,'Supply Chain'),(6931575,'Nancy Stewart',59100,'Inventory'),(365519465,'Marcus Perez',81851,'Regional'),(379945934,'Kurt Taylor',60912,'Supply Chain'),(788328824,'Bryan George',93584,'Inventory'),(207204929,'Penny Bailey',50800,'Supply Chain'),(394833200,'Destiny Turner',44072,'Supply Chain'),(850581445,'Joel Taylor',45170,'Inventory'),(368829539,'Lawrence Morgan',74267,'Supply Chain'),(374752717,'Tara Miranda',41911,'Supply Chain'),(428770442,'Jamie Houston',73427,'Regional'),(54157416,'David Williams',47433,'Inventory'),(534550668,'Joshua Castillo',109085,'Regional'),(434512425,'Michael Mcdonald',113861,'Inventory'),(129393137,'Dylan Dean',65006,'Supply Chain'),(436539023,'David White',101305,'Supply Chain'),(202429516,'Stephanie Cardenas',71302,'Inventory'),(540820278,'Frank Lopez',103686,'Supply Chain'),(386234503,'Mark Martinez',80017,'Inventory'),(237260139,'Jessica Campbell',118389,'Inventory'),(376822436,'Elizabeth Erickson',103191,'Regional'),(664370611,'Jordan Martin',90512,'Supply Chain'),(364573231,'Kelly Gomez',42430,'Inventory'),(490884165,'Stephanie Johns',68898,'Supply Chain'),(699544489,'Jose Hughes',43838,'Supply Chain'),(330229129,'Mark Hale',57338,'Inventory'),(561832932,'Christina Romero',91536,'Supply Chain'),(263206099,'Alyssa Jimenez',112461,'Regional'),(54537761,'Deanna Delacruz',98706,'Supply Chain'),(223873309,'Jennifer Wise',101527,'Regional'),(435033508,'Paul Jensen',51319,'Inventory'),(862521339,'Christopher Rush',55879,'Inventory'),(787024639,'Nicole Navarro',91272,'Regional'),(423335511,'Gary Torres',60986,'Supply Chain'),(648762840,'Beth Moore',84340,'Supply Chain'),(513810603,'Jonathan Green',73753,'Regional'),(256647155,'Daniel Robinson',89959,'Regional'),(301821330,'Jamie Hill',74314,'Regional'),(207492464,'Alexander Dunlap',104007,'Supply Chain'),(351957963,'Jose Williams',93496,'Inventory'),(476810051,'Amanda Mahoney',69559,'Inventory'),(303318855,'Natalie Mitchell',80200,'Supply Chain'),(131789360,'Mary Guerra',78140,'Regional'),(396672283,'Steven Jones',48636,'Supply Chain'),(272972458,'Nicolas Little',55353,'Inventory'),(166315120,'Mrs. Chelsea Hunter',78845,'Inventory'),(837173521,'Anna Johnson',103617,'Inventory'),(539325601,'John Harrington',71858,'Inventory'),(513073071,'Scott Jensen',91346,'Regional'),(884642996,'Mr. Jimmy Wilson',69982,'Inventory'),(899579162,'John Hall',55316,'Regional'),(97620074,'Kim Jackson',94753,'Inventory'),(111101437,'Benjamin Rodgers',80778,'Regional'),(110727879,'Donna Berger',91244,'Regional'),(61286808,'Keith Campbell',72218,'Inventory'),(466764786,'Troy Hernandez',46364,'Supply Chain'),(397270586,'Jason Jones',59666,'Regional'),(114135093,'Cynthia Nunez',116243,'Supply Chain'),(466278875,'Christopher Tate',114409,'Regional'),(788657997,'Cameron Gallagher',95473,'Inventory'),(787979860,'Anthony Harris',101790,'Regional'),(6395844,'Luis Foster',114690,'Supply Chain'),(706619902,'Sharon Scott',95648,'Inventory'),(214309022,'Sarah Baird',91551,'Regional'),(360729426,'Amy Powell',90266,'Supply Chain'),(266867407,'Rita Huff',67164,'Inventory'),(449702355,'Kristine Roberson',100566,'Regional'),(142655047,'Sean Mann',89749,'Supply Chain'),(809970539,'Logan Davis',99584,'Regional'),(366535293,'Brandy Davis',67319,'Inventory'),(809460594,'Alexis Williams',77180,'Regional'),(221880811,'Frances Thompson',86936,'Regional'),(580378347,'Barbara Chavez',77236,'Inventory'),(612379653,'Henry Parker',73330,'Inventory'),(862522499,'Kristin Best',67214,'Regional'),(803840347,'David Moore',90191,'Supply Chain'),(216506777,'Kayla Jones',97945,'Inventory'),(300594776,'Gabriela Mccormick',45163,'Inventory'),(171577747,'Mason Griffin',72385,'Regional'),(113085595,'Andrea Hickman',110870,'Inventory'),(412943017,'Mario Chapman',75670,'Regional'),(681739885,'Sabrina Garcia',43799,'Regional'),(405911748,'Kayla Tanner',97721,'Supply Chain'),(868600575,'Cheryl Williams',94937,'Inventory'),(495518753,'Richard Wright',41695,'Supply Chain'),(699300469,'Samuel Roth',59605,'Inventory'),(674163784,'Michael Drake',113658,'Inventory'),(782572755,'Jose Bell',47889,'Supply Chain'),(898288241,'Ashley Graham',105353,'Regional'),(208930635,'Brandi Monroe',76187,'Regional'),(889326716,'Tonya Vance',93957,'Regional'),(656503282,'Dr. Nicholas Cordova MD',112956,'Supply Chain'),(225811655,'Sandra Perez',60187,'Supply Chain'),(184954103,'Ethan Watson',100578,'Supply Chain'),(537032875,'April Brandt',50415,'Supply Chain'),(561187943,'Kim Smith',60718,'Supply Chain'),(678028460,'Lance Lewis',70080,'Inventory'),(138456771,'Michael Rodriguez MD',114295,'Regional'),(762489757,'Sabrina Larson',100520,'Inventory'),(71860450,'Cameron Hunt',41863,'Regional'),(286090124,'Angela Morrison',111376,'Inventory'),(792263445,'Laura Butler',117770,'Supply Chain'),(762961223,'Jennifer Shaw',72022,'Regional'),(107639668,'Bradley Carpenter',82027,'Inventory'),(574985358,'Cynthia Foster',53860,'Inventory'),(491689169,'Ashley Bean',71258,'Regional'),(772118067,'Kyle Knapp',88437,'Inventory'),(468552301,'Allison Shaw',72950,'Supply Chain'),(227564136,'Jacob Henderson',61841,'Inventory'),(124633085,'Brenda Mccall',47283,'Inventory'),(605174070,'Brenda Larson',104833,'Regional'),(869853364,'Alicia Alvarez',100135,'Inventory'),(885855853,'Justin Frazier',100755,'Inventory'),(717390042,'Aaron Smith',42032,'Supply Chain'),(519804801,'Christina Reid',58153,'Regional'),(522305154,'Scott Pope',66406,'Supply Chain'),(389753883,'Nicholas Smith',102041,'Inventory'),(395134731,'Derrick Wilkinson',114662,'Regional'),(749038456,'Melissa Atkins',105140,'Inventory'),(273432981,'Brianna Fernandez',64213,'Regional'),(126382429,'Sarah Martinez',40768,'Regional'),(807383169,'Dr. Michael Yang',78359,'Supply Chain'),(276050614,'Ryan Tanner',83655,'Inventory'),(487813709,'Adrian Mata',46443,'Inventory'),(107734967,'Alan Wolf',62401,'Regional'),(882190334,'Shelby Martin',112421,'Inventory'),(31203054,'Michael Howard',43067,'Regional'),(787697170,'Chelsea Clark',94517,'Regional'),(572033541,'Yesenia Gray',81172,'Regional'),(828386485,'Whitney Smith',110102,'Regional'),(757290046,'Jade Sanchez',60084,'Inventory'),(441239007,'Bryan Jennings',60404,'Inventory'),(887308853,'Lisa Wood',82594,'Supply Chain'),(219273981,'Joseph Hall',119357,'Inventory'),(261060090,'Lisa Khan',106559,'Regional'),(724635598,'Daniel Maynard',51193,'Regional'),(613929782,'Kaitlyn Brown',116812,'Supply Chain'),(416422396,'Casey Parsons',47213,'Supply Chain'),(389109101,'Stephanie Pittman',79583,'Inventory'),(460333507,'Brian Romero',113352,'Supply Chain'),(192878916,'Wendy Webster',51571,'Supply Chain'),(641075690,'Regina Preston',101574,'Supply Chain'),(43559733,'Antonio Mitchell',57530,'Inventory'),(653130902,'Nicholas Jones',41778,'Inventory'),(579435302,'Lisa Turner',52443,'Supply Chain'),(888505547,'Matthew Casey',119200,'Regional'),(677475428,'Ronald Potter',41137,'Supply Chain'),(751091517,'Anne Banks',109916,'Supply Chain'),(170829074,'Tom Smith',103804,'Inventory'),(847535647,'Miguel Rodriguez',108560,'Regional'),(275547301,'Amy Snyder',58550,'Supply Chain'),(309543521,'Mr. Adam Wu PhD',100930,'Regional'),(398518097,'Charles Curtis',73898,'Regional'),(732198308,'David Chung',112710,'Supply Chain'),(348129524,'Angela Wood',63046,'Inventory'),(457949657,'Miranda Barrett',54520,'Regional'),(64888485,'Toni Ochoa',72477,'Regional'),(216415979,'Jessica Martin',90316,'Regional'),(74360202,'Kevin Williamson',111870,'Supply Chain'),(605976321,'Eugene Fischer',47881,'Inventory'),(55804557,'Hannah Reynolds',62944,'Supply Chain'),(871159831,'Rodney Moore',70010,'Inventory'),(798193480,'Elizabeth Odom',54552,'Inventory'),(167107627,'Kaitlin Perkins',41410,'Inventory'),(339719310,'Margaret Wolfe',66412,'Supply Chain'),(464436233,'Jack Graham',41268,'Supply Chain'),(109051554,'Shelby Day',90665,'Supply Chain'),(12800593,'Ronnie Compton',91022,'Inventory'),(845293584,'Allen Sanchez',45060,'Inventory'),(358808969,'John Johnson',86967,'Regional'),(240244846,'Caitlin Williams',73307,'Supply Chain'),(425354623,'Sarah Rhodes',76986,'Supply Chain'),(298265627,'Brandon Bridges',99936,'Inventory'),(559232715,'Mrs. Cynthia Sexton',102432,'Regional'),(582289728,'Nicole Stevens',92809,'Regional'),(540738801,'Michael Hancock',117367,'Regional'),(89107433,'Kathryn Wade',43728,'Inventory'),(550685759,'Raymond Cochran',106381,'Supply Chain'),(833136466,'Brett White',52853,'Inventory'),(715249901,'Sandra Hampton',64203,'Inventory'),(805462827,'Ryan Gonzales',53081,'Regional'),(784333935,'Jennifer Wood',95657,'Regional'),(785273195,'Joseph Adams',44388,'Inventory'),(108015254,'Anthony Tate',55082,'Inventory'),(359521759,'Reginald Ross DDS',67508,'Supply Chain'),(575204912,'Elizabeth Dean',106141,'Supply Chain'),(879074107,'Debra Pearson',87642,'Supply Chain'),(424133146,'Jessica Mcgrath',63569,'Supply Chain'),(786196088,'Deborah Thompson',52417,'Regional'),(399886348,'Jade Sims',94140,'Regional'),(144987426,'Tiffany Mcdaniel',102409,'Supply Chain'),(806641592,'Diane Bailey',45707,'Supply Chain'),(462078195,'Brandon Garza',40555,'Supply Chain'),(620586984,'Roberto Morales',109907,'Inventory'),(463352233,'John Coffey',110858,'Supply Chain'),(237880401,'Maria Morgan',53390,'Regional'),(483880420,'Daniel Garcia',115019,'Regional'),(355446136,'Cody Hunter',99254,'Regional'),(58840307,'Lisa Wells',57607,'Inventory'),(873158964,'Renee Jones',76707,'Inventory'),(667994345,'Kimberly Blackburn',43037,'Supply Chain'),(585805677,'James Pugh',60198,'Regional'),(262465425,'Tamara Kim',91526,'Regional'),(800656030,'Megan Rivers',114375,'Regional'),(368297741,'Justin Simmons',45919,'Inventory'),(571667248,'Lisa Mitchell',90943,'Regional'),(248826194,'Angela Reyes',76829,'Inventory'),(256209455,'Alan Anderson',101272,'Regional'),(572821650,'Mckenzie Barker',45767,'Regional'),(363650194,'Jennifer Singleton',50333,'Inventory'),(678203704,'Scott Francis',56133,'Supply Chain'),(329350447,'Carol Mcintyre',89966,'Inventory'),(184828199,'Edward Ruiz',93051,'Regional'),(583836758,'Emily Murphy',119571,'Regional'),(641647606,'Todd Hernandez',67480,'Supply Chain'),(443994684,'Jennifer Murphy',59321,'Supply Chain'),(397366928,'Sherry Perry',87426,'Regional'),(459673551,'Mariah Bartlett',109448,'Supply Chain'),(45418690,'Kelly Martin',92200,'Inventory'),(599770342,'Tyler Christian',48380,'Inventory'),(781014305,'Ian Fox',61369,'Supply Chain'),(62545563,'Kristin Craig',92518,'Supply Chain'),(343877437,'Amanda Palmer',81504,'Regional'),(305805929,'Julia Howell',79503,'Inventory'),(192414229,'Michael Garcia MD',104427,'Regional'),(455719737,'Lucas Nelson',100744,'Regional'),(778422862,'Brandon Martin',53927,'Inventory'),(282094885,'Jennifer Mcintyre',105395,'Supply Chain'),(803634812,'Tracy Martinez',113413,'Supply Chain'),(112636781,'Wendy Montes',60504,'Inventory'),(52239934,'Jonathan Villegas',92256,'Inventory'),(489130276,'Samuel Nguyen Jr.',48042,'Supply Chain'),(71650020,'Antonio Rogers',106036,'Inventory'),(365409973,'Jason Ramirez',85866,'Regional'),(82181161,'Frances Mathews',55771,'Inventory'),(144442306,'Ryan Tyler',53514,'Regional'),(74528334,'Jeanette Poole',62212,'Supply Chain'),(273578029,'Jose Hansen',112102,'Supply Chain'),(411514211,'Tiffany Rodriguez',76331,'Supply Chain'),(670512507,'Matthew Marshall',98427,'Supply Chain'),(456498091,'Rachel Hatfield',110617,'Inventory'),(284475481,'Jeffrey Yates',71189,'Supply Chain'),(522499581,'William Blackwell',70171,'Regional'),(725824917,'John Hall',73875,'Supply Chain'),(571477489,'Melissa Snow',50930,'Regional'),(654458994,'Amy Castro',92999,'Inventory'),(892667833,'Bruce Ramirez',63111,'Inventory'),(460860589,'Eddie Perez',79163,'Supply Chain'),(611499011,'Catherine Thomas',80379,'Inventory'),(404322466,'Manuel Dominguez',90976,'Supply Chain'),(815028738,'Eric Cooper',75511,'Supply Chain'),(338329367,'Teresa White',66685,'Regional'),(111333793,'Ms. Tammie Walker MD',104446,'Inventory'),(568299569,'David Carpenter',48356,'Inventory'),(43705061,'Jacob Harris',81406,'Supply Chain'),(318618958,'Matthew Carter',74834,'Regional'),(711931807,'Jessica Thompson',111190,'Inventory'),(685578376,'Daniel Butler',110785,'Regional'),(332936990,'Edward Fisher',50094,'Inventory'),(855150610,'Tamara King',74406,'Regional'),(195160775,'Joseph Rogers',106325,'Regional'),(186523515,'David Perkins',119256,'Supply Chain'),(790262734,'Michael Lee',103303,'Inventory'),(203381571,'Molly Morrison DDS',88838,'Supply Chain'),(509040543,'Donald Robinson',65378,'Inventory'),(665370725,'Mrs. Cynthia Chen PhD',110935,'Regional'),(52031391,'Michael Lee',53614,'Supply Chain'),(725405403,'Kenneth Fox',97020,'Regional'),(486387791,'Janet Fernandez',50026,'Supply Chain'),(25611781,'Dawn Norman',41029,'Regional'),(216483320,'Mary Wright',76902,'Regional'),(846047235,'Sarah Eaton',53922,'Regional'),(841894092,'Diane Jordan',94701,'Supply Chain'),(457720895,'Patricia Cortez',119435,'Regional'),(75441095,'Christina Sawyer',90748,'Inventory'),(536748362,'Charles Davis',70369,'Supply Chain'),(693330939,'Shannon Clark',44831,'Regional'),(783754701,'Taylor Guzman',71812,'Inventory'),(732882881,'Courtney Lucas',110825,'Supply Chain'),(83709881,'Nicholas Brown',96973,'Regional'),(504378422,'Diane Ramsey',72588,'Supply Chain'),(354713629,'Jamie Rios',64463,'Inventory'),(138225668,'Theresa Stone',63933,'Supply Chain'),(678254039,'Thomas Forbes',83826,'Regional'),(187282221,'Katrina Massey',64392,'Inventory'),(522226438,'Justin Lin',119592,'Supply Chain'),(112308233,'Laura Richmond',73034,'Regional'),(230088477,'David Riley',88256,'Supply Chain'),(717823653,'Angela Jensen',51234,'Regional'),(140211953,'Allison Sanchez',48042,'Supply Chain'),(727616824,'Jim Torres',99020,'Inventory'),(251664498,'William Hart',106703,'Regional'),(660957184,'Alicia Lamb',55563,'Supply Chain'),(470913169,'Leroy Mason',52113,'Supply Chain'),(697476604,'Mariah Richardson',81828,'Supply Chain'),(153904908,'Deborah Keller',95949,'Inventory'),(862593246,'Deanna Harmon',52557,'Regional'),(640213537,'Richard Hodges',114514,'Regional'),(150535474,'James Spencer',97800,'Inventory'),(894706701,'Erin Gordon',91603,'Regional'),(582352990,'Leonard Brown',66004,'Supply Chain'),(819746032,'Patricia Guerra',113040,'Inventory'),(340339384,'Anna Stewart',64420,'Supply Chain'),(27494990,'Frederick Jones',111119,'Regional'),(534949246,'Denise Blankenship',117415,'Regional'),(100254770,'Tyrone Torres',88791,'Inventory'),(610422825,'Jenna Goodman',81601,'Regional'),(486745582,'Kelly Cox',48352,'Regional'),(63965354,'Amy Watson',47153,'Inventory'),(491032181,'Bryan Thomas',67993,'Supply Chain'),(247837304,'Christopher Williams',101625,'Regional'),(554685640,'Regina Brewer',104356,'Regional'),(21509512,'Jamie Rodriguez',92426,'Regional'),(555880641,'Haley Schwartz',116196,'Supply Chain'),(672186180,'Darren Graves',103707,'Regional'),(872744980,'Sandra Warren',66795,'Regional'),(806882792,'Lindsey Palmer',91851,'Regional'),(889213221,'Joseph Johnson',49786,'Regional'),(393531727,'Gerald Sawyer',52436,'Inventory'),(430564687,'Brian Johnson',103565,'Inventory'),(654946370,'Cheyenne Zamora',86883,'Inventory'),(587047385,'Jeanette Pitts',113132,'Supply Chain'),(833897604,'John Jones',114071,'Inventory'),(102053409,'Michelle Raymond PhD',104750,'Regional'),(240672092,'Kayla Nguyen',45345,'Regional'),(474830852,'Richard Simon',115228,'Supply Chain'),(237334741,'Michael David',117567,'Inventory'),(849775311,'Caitlin Shaw',114929,'Supply Chain'),(624393896,'Carolyn Warren',76355,'Regional'),(564368488,'Susan Hess',67800,'Supply Chain'),(584924755,'Ashley Wright',67333,'Supply Chain'),(563359114,'Jacqueline Wilson',116666,'Supply Chain'),(728101639,'Ethan Jacobson',75366,'Supply Chain'),(728507007,'Jennifer Jennings',55882,'Inventory'),(622398047,'Rhonda White',104485,'Regional'),(705454975,'Christina Sanchez MD',56296,'Regional'),(774064951,'Barbara Davis',95009,'Regional'),(251426004,'Jasmine Ware',104296,'Regional'),(747505025,'Michael Perez',82927,'Regional'),(779616446,'Melinda Gonzalez',96033,'Supply Chain'),(61935514,'Brett Alvarado',63809,'Supply Chain'),(536818221,'Mark Conley',103498,'Inventory'),(883773649,'Thomas Ferguson',45450,'Supply Chain'),(43780379,'Christopher Wilson',43274,'Supply Chain'),(811299013,'Zachary Hughes',65584,'Supply Chain'),(376528125,'Robert Mckenzie',64439,'Inventory'),(296093007,'Jeffrey Morton',116044,'Supply Chain'),(798287899,'Susan Haney',61344,'Supply Chain'),(68996233,'Jenny Johnson',77097,'Inventory'),(611041644,'Jessica Cohen',96577,'Regional'),(299326165,'Jeffrey Wise',43410,'Supply Chain'),(317061218,'David Clayton',115449,'Inventory'),(5244096,'Michael Porter',96026,'Inventory'),(383415067,'John Martinez',72432,'Regional'),(1115017,'Stephanie Bright',95191,'Supply Chain'),(123332342,'Mikayla Phillips',69507,'Supply Chain'),(261590865,'Kenneth Pratt',98717,'Regional'),(627968509,'Dr. Yolanda Long',44306,'Inventory'),(525403050,'Alexander Payne',98197,'Inventory'),(748180852,'Alexandra Blair',44486,'Inventory'),(499694750,'Nicholas Moss',56198,'Supply Chain'),(718050159,'Hannah Gonzales MD',63834,'Inventory'),(581206428,'Howard Stephenson',98332,'Inventory'),(254021811,'Hannah White',53187,'Regional'),(656116644,'Crystal Sheppard',108984,'Inventory'),(337059169,'Michelle Mays',102456,'Inventory'),(57187884,'Gregory Bradley',64751,'Inventory'),(36647230,'Yolanda Skinner',64854,'Regional'),(24507078,'Angel Jones',63062,'Supply Chain'),(718031743,'Victoria Oconnor',105853,'Inventory'),(480875219,'Sophia Shaw',41804,'Inventory'),(623141653,'Ana Lewis',50747,'Inventory'),(516258981,'Mr. Donald Garcia MD',83429,'Supply Chain'),(783819480,'Sarah Hubbard',77121,'Supply Chain'),(207217195,'Patrick Middleton',89679,'Inventory'),(589565648,'Peter Santiago',67551,'Inventory'),(468092228,'Katherine Warren',78711,'Supply Chain'),(163234556,'Lisa Santana',118247,'Inventory'),(319863007,'William Mitchell',70650,'Regional'),(793126937,'Rodney Evans',88241,'Inventory'),(738804502,'Heather Ortega',109710,'Supply Chain'),(120061957,'Stephanie Hall',50023,'Inventory'),(840848156,'Lisa Lopez',103483,'Inventory'),(167883027,'Brittany Hickman',54710,'Inventory'),(160385765,'Lisa Wilson',62014,'Inventory'),(534597644,'Roberto Brown',40346,'Inventory'),(414785490,'Denise Jarvis',80447,'Supply Chain'),(167884857,'Tamara Garner',89363,'Regional'),(861958148,'Michelle Graves',111090,'Regional'),(428735866,'Douglas Kaufman',105995,'Regional'),(764678742,'Brittany King',111505,'Regional'),(116198561,'Jennifer Ballard',98034,'Inventory'),(714190995,'Brandon Vargas',51801,'Inventory'),(289246401,'Holly Long',84079,'Inventory'),(97550256,'Lisa Lopez',87945,'Regional'),(125386507,'Jay Cannon',107832,'Regional'),(203978810,'Dr. Shannon Mccoy MD',41857,'Regional'),(281428701,'Renee Carr',47757,'Inventory'),(503396309,'Russell Smith',93597,'Supply Chain'),(433576091,'Vicki Garrett',90225,'Supply Chain'),(545758306,'Kim Choi',104641,'Supply Chain'),(41792629,'Monica Blair',117525,'Regional'),(793014139,'Megan Farrell',88260,'Supply Chain'),(263382544,'Jordan Ramos MD',57861,'Regional'),(813067911,'John Robinson',86994,'Inventory'),(580984022,'Nicolas Carr',59162,'Inventory'),(289052697,'Pamela Rogers',85083,'Inventory'),(212815667,'Sandra Pena',86272,'Supply Chain'),(13854782,'Anita Conway',70809,'Inventory'),(307258453,'Craig Robinson',115808,'Supply Chain'),(603883041,'Steven Cruz',69300,'Regional'),(746021857,'Thomas Andrews',75874,'Inventory'),(450928623,'Annette Montgomery',93706,'Inventory'),(824026666,'Andrew Kaiser',119052,'Supply Chain'),(640807242,'Jessica Horton',85629,'Supply Chain'),(488636749,'Ms. Kim Lynch',90964,'Regional'),(633300027,'Amber Barber',77393,'Regional'),(168870017,'Cole Hall',67861,'Regional'),(657852565,'Cindy Booth',65136,'Supply Chain'),(557999575,'Ryan Gonzalez',72566,'Inventory'),(766576390,'Lauren Wilson',69635,'Inventory'),(139175149,'Deborah Cortez',82733,'Regional'),(432437992,'Ashley Harris',43363,'Inventory'),(515711839,'Ethan Cook',75397,'Regional'),(262466516,'Kara Foster',92095,'Inventory'),(533778634,'James Guerrero',98326,'Regional'),(46441723,'David Greene',113603,'Regional'),(349999315,'Michele Johnson',63824,'Supply Chain'),(133917272,'Lauren Miller',107329,'Supply Chain'),(305658919,'Rebecca Webb',102617,'Regional'),(882684967,'Michael Jones',42156,'Regional'),(299180779,'Melissa Reese',55196,'Regional'),(165251367,'Amanda Anthony',58230,'Inventory'),(290853656,'Morgan Thompson MD',119683,'Regional'),(30150963,'Tyler Gonzales',96427,'Regional'),(870168751,'Lee Lee',77172,'Supply Chain'),(727067020,'Morgan Baker',80103,'Inventory'),(435016917,'Dr. Mary Valdez DVM',72903,'Regional'),(465888370,'Jeremy Ward',108950,'Supply Chain'),(411643160,'Sandra Hart',50347,'Inventory'),(571197156,'Dr. Lisa Rodriguez',86598,'Regional'),(17689007,'Lindsay Martinez',109823,'Supply Chain'),(364353797,'Pamela Richard',93776,'Regional'),(457904424,'Joanne Carter',111471,'Inventory'),(374534078,'Stacy Davis',74032,'Regional'),(484612616,'Michelle Dixon',44545,'Inventory'),(350542114,'Alexis Ross',98317,'Regional'),(631949801,'Christine Chase',80835,'Inventory'),(179535052,'Kirk Pugh',99420,'Inventory'),(483829853,'Megan Barrett',77362,'Supply Chain'),(712657664,'Scott Jimenez',46473,'Supply Chain'),(842058594,'Ryan Moran',106808,'Supply Chain'),(579625963,'Philip Jacobson',60575,'Regional'),(292773639,'Bobby Torres',66666,'Regional'),(48512601,'Christopher Griffin',61561,'Supply Chain'),(435151652,'John Johnson',99364,'Inventory'),(802470508,'Ann Alvarez',89407,'Supply Chain'),(429370223,'Erik Brown',73634,'Inventory'),(855802824,'Nicholas Ayala',69828,'Regional'),(259622838,'Larry Buchanan',100125,'Inventory'),(2693686,'Ms. Erin Patterson PhD',96958,'Inventory'),(847516822,'Julie Miller',68512,'Inventory'),(294508538,'Christopher Rose',52044,'Regional'),(3073331,'Elizabeth Bennett',53426,'Inventory'),(482514725,'Logan Patterson',82553,'Regional'),(270297644,'Joseph Harris',83170,'Supply Chain'),(417758772,'Terry Lopez',66896,'Supply Chain'),(785764125,'Christina Castaneda',84445,'Supply Chain'),(61930290,'Shelby Collins',55880,'Regional'),(282553882,'Andrew Dawson',81927,'Regional'),(94751228,'Stephanie Cline',86445,'Regional'),(653010633,'Sarah Rodriguez',83026,'Regional'),(852696475,'Lauren Brown',51563,'Supply Chain'),(879801603,'Sara Lopez',49547,'Inventory'),(212096464,'Dawn Walker',113488,'Inventory'),(631371546,'Sarah Erickson',41596,'Inventory'),(363292851,'Eddie Parks',49361,'Inventory'),(362035089,'Brian Acosta',60007,'Inventory'),(484780178,'Angela Tanner',102367,'Regional'),(253999053,'Donna Moore',46133,'Supply Chain'),(363300041,'Juan Alvarado',81482,'Inventory'),(374041473,'Ethan Figueroa',64103,'Supply Chain'),(765744089,'Brenda Villa',65802,'Supply Chain'),(230615311,'Nicole Herman',76673,'Regional'),(152715618,'Eric Thomas',90964,'Supply Chain'),(19538101,'Natalie Brady',107042,'Supply Chain'),(682280731,'Lisa Wilson',69388,'Supply Chain'),(375489468,'Jesus Cox',119792,'Inventory'),(329133632,'Thomas Mcintosh',67923,'Inventory'),(724573432,'Benjamin Johnson',93218,'Regional'),(474874746,'Mark Atkins',100110,'Regional'),(3906569,'Juan Bennett',109704,'Supply Chain'),(540794356,'Erica Gonzalez',111110,'Supply Chain'),(155611774,'Charles Thomas',92185,'Supply Chain'),(614771176,'Kimberly Chapman',67756,'Supply Chain'),(472249590,'Melissa Casey',81308,'Regional'),(491465169,'Erin Dunn',92472,'Inventory'),(891187427,'Laura Mullins',87469,'Regional'),(558552368,'Carol Fisher',119277,'Regional'),(123582347,'Rebecca Kelly',115372,'Inventory'),(876151847,'Becky Dunlap',56083,'Regional'),(780833908,'Anthony Snyder DDS',63498,'Supply Chain'),(447062638,'Gail Silva',57729,'Regional'),(883350630,'Kathleen King',63566,'Inventory'),(850268732,'Elizabeth Patterson',42929,'Supply Chain'),(411965146,'Ruth Neal',47843,'Inventory'),(873384500,'Charles Rice',83483,'Supply Chain'),(405041818,'Deborah Fernandez',66824,'Inventory'),(423850507,'Mr. Jeremy Rivera DVM',117985,'Supply Chain'),(162703088,'Sharon Miller',77880,'Supply Chain'),(173378912,'Victoria Anderson',76288,'Inventory'),(697514207,'Valerie Black',91323,'Regional'),(488268969,'Kelly Leblanc',101819,'Supply Chain'),(527092801,'Benjamin Hatfield',74539,'Inventory'),(287070698,'Maria Montgomery',65727,'Inventory'),(119128402,'Maria Smith',55837,'Regional'),(252593386,'James Sparks',113821,'Inventory'),(232453338,'Jennifer Harris',59972,'Supply Chain'),(231586383,'Cory Williams',70602,'Inventory'),(675941440,'Laura Chase',47699,'Inventory'),(649291887,'Bianca Reeves',45585,'Regional'),(698799571,'Laura Frost',103943,'Supply Chain'),(388710895,'Yvette Mathis',109611,'Regional'),(289948660,'Richard Dennis',80086,'Supply Chain'),(644935598,'Daniel Harris',64479,'Inventory'),(159718975,'Allen Donovan',82079,'Inventory'),(190698533,'Janice Jackson',44225,'Supply Chain'),(655423906,'Paul Jones',85298,'Regional'),(847144786,'Kevin Hines',86757,'Inventory'),(121419679,'Melissa Andrade',42556,'Supply Chain'),(185027253,'Cheryl Brown',81943,'Inventory'),(51655650,'Jennifer Gomez',98020,'Regional'),(175919544,'Jason Hayes',119352,'Inventory'),(71980503,'Michelle Guerra',61107,'Inventory'),(243341703,'Tonya Miranda',57045,'Inventory'),(353643781,'April Lamb',69770,'Regional'),(136060521,'Emily Salas',104388,'Regional'),(351805287,'Russell Raymond',64635,'Supply Chain'),(513630836,'Gene Lee',101392,'Inventory'),(91684901,'Scott Cooper',83208,'Supply Chain'),(265678597,'Gabriel Whitehead',119434,'Supply Chain'),(372639093,'Christine Murphy',91027,'Supply Chain'),(380920752,'Antonio Keller',84196,'Supply Chain'),(884487043,'Nicholas Kidd',85298,'Inventory'),(278512069,'Lindsay Gibson',48147,'Inventory'),(431754908,'Peter Mcknight',48136,'Regional'),(446632533,'Andrew Hoffman',87990,'Regional'),(583936429,'Rebecca Evans',65605,'Inventory'),(502591256,'Ray Lewis',45969,'Regional'),(836350420,'Matthew Anderson',62166,'Regional'),(169183827,'Travis Gutierrez',72910,'Supply Chain'),(546196943,'Cheryl Bray',42987,'Supply Chain'),(576691890,'Christina Henderson',53407,'Supply Chain'),(581242237,'Veronica Stafford',43578,'Regional'),(566741366,'Joe Robertson',41159,'Inventory'),(811492114,'David Hooper',51376,'Supply Chain'),(296093833,'Matthew Hicks',115089,'Regional'),(649268679,'Stephanie Harris',116415,'Inventory'),(704876476,'Renee Cisneros',86568,'Supply Chain'),(731093569,'Daniel Simon',97558,'Regional'),(208360252,'Kyle Baker',117388,'Supply Chain'),(97369887,'Nicholas Miles',97990,'Inventory'),(201121290,'Michael Herring',115865,'Inventory'),(587112583,'Charles Long',41592,'Supply Chain'),(358672489,'Lisa Wiggins',110960,'Regional'),(217160628,'James Ray Jr.',56641,'Regional'),(35502339,'Glenda Thomas',69367,'Inventory'),(182205967,'Bianca Warner',40042,'Regional'),(278990119,'Michelle Hall',75903,'Regional'),(310879674,'Jennifer Henderson',91009,'Regional'),(585955706,'Erica Perez',77652,'Inventory'),(445205969,'Jody Mcintosh',48127,'Regional'),(34221528,'James Torres',59700,'Supply Chain'),(587230526,'Brenda Graves',110816,'Supply Chain'),(718950189,'Patrick Garcia',104703,'Supply Chain'),(160541232,'Henry Peterson',59278,'Supply Chain'),(692684240,'Megan Anthony',85812,'Supply Chain'),(109518436,'John Moreno',90347,'Regional');
/*!40000 ALTER TABLE `Employee` ENABLE KEYS */;
UNLOCK TABLES;

--
-- Table structure for table `Inventory`
--

DROP TABLE IF EXISTS `Inventory`;
/*!40101 SET @saved_cs_client     = @@character_set_client */;
/*!50503 SET character_set_client = utf8mb4 */;
CREATE TABLE `Inventory` (
  `inventory_id` bigint DEFAULT NULL,
  `clothing_id` bigint DEFAULT NULL,
  `rack_id` bigint DEFAULT NULL,
  `quantity` bigint DEFAULT NULL
) ENGINE=InnoDB DEFAULT CHARSET=utf8mb4 COLLATE=utf8mb4_0900_ai_ci;
/*!40101 SET character_set_client = @saved_cs_client */;

--
-- Dumping data for table `Inventory`
--

LOCK TABLES `Inventory` WRITE;
/*!40000 ALTER TABLE `Inventory` DISABLE KEYS */;
INSERT INTO `Inventory` VALUES (1,109,155,15),(2,226,122,24),(3,114,169,98),(4,225,150,17),(5,136,21,65),(6,137,103,32),(7,116,102,100),(8,12,69,18),(9,55,57,93),(10,240,45,34),(11,110,102,78),(12,264,198,1),(13,170,193,39),(14,45,90,52),(15,101,198,51),(16,59,92,89),(17,26,142,52),(18,286,184,16),(19,190,32,23),(20,55,73,65),(21,31,64,10),(22,65,129,97),(23,45,25,7),(25,33,64,85),(26,248,175,92),(27,10,54,50),(28,140,142,98),(29,125,127,70),(30,142,180,94),(31,209,14,87),(32,232,100,50),(33,30,57,97),(34,152,62,83),(35,103,73,9),(36,15,134,37),(37,293,8,86),(38,213,165,95),(39,256,152,86),(40,284,28,77),(41,116,97,66),(42,157,155,24),(43,98,37,23),(44,40,114,85),(45,95,163,2),(46,36,42,5),(47,226,128,84),(48,185,197,13),(49,234,62,30),(50,218,61,3),(51,266,20,4),(52,169,56,3),(53,130,191,54),(54,236,185,93),(55,226,131,50),(56,146,134,79),(57,274,151,33),(58,150,126,22),(59,231,62,22),(60,54,85,54),(61,131,101,75),(62,49,165,91),(63,73,189,22),(64,32,118,91),(65,157,177,4),(66,98,53,6),(67,6,38,47),(68,219,43,63),(69,258,139,19),(71,70,196,21),(72,293,133,17),(73,33,117,30),(74,222,79,76),(75,274,167,25),(76,175,186,77),(77,61,199,43),(79,263,3,73),(80,80,103,45),(81,232,135,22),(82,38,158,26),(83,277,124,19),(84,28,13,67),(85,287,149,21),(86,139,149,93),(87,164,194,78),(88,251,52,11),(89,39,109,48),(90,178,124,53),(91,197,132,42),(92,222,197,99),(93,225,88,93),(94,55,98,16),(95,216,17,5),(96,170,130,83),(97,274,36,5),(98,235,162,88),(99,39,159,69),(100,255,44,20),(101,133,33,88),(102,93,83,25),(103,173,160,4),(104,254,144,54),(105,76,51,41),(106,40,107,16),(107,67,62,28),(108,181,188,39),(109,220,54,46),(110,127,111,19),(111,128,23,26),(112,227,107,77),(113,161,85,27),(114,36,28,75),(115,20,194,57),(116,174,75,42),(117,167,80,44),(118,23,89,32),(119,118,69,38),(120,67,68,92),(121,78,194,100),(122,143,67,58),(123,10,105,100),(124,229,165,14),(125,86,49,52),(126,279,173,61),(127,9,32,66),(128,206,174,20),(129,155,148,4),(130,181,65,52),(131,112,91,46),(132,27,29,45),(133,106,147,94),(134,156,82,96),(135,258,185,38),(136,196,89,83),(137,102,33,20),(138,215,115,45),(139,103,173,52),(140,150,200,43),(141,296,38,80),(142,240,112,36),(143,57,156,20),(144,277,9,72),(145,183,97,9),(146,10,67,1),(147,177,11,55),(148,222,162,2),(149,250,52,10),(150,25,68,46),(151,208,5,73),(152,261,106,80),(153,263,7,14),(154,206,44,79),(155,207,6,59),(156,273,130,65),(157,211,34,1),(158,74,3,55),(159,140,8,69),(160,104,51,38),(161,37,166,72),(162,17,186,20),(163,234,106,83),(164,168,177,97),(165,66,19,68),(166,291,80,56),(167,258,41,17),(168,173,49,73),(169,106,97,74),(170,41,132,42),(171,172,73,67),(172,114,4,63),(173,92,140,23),(174,274,176,61),(175,1,178,62),(176,269,157,44),(177,204,14,2),(178,143,67,6),(179,194,154,97),(180,165,34,84),(181,223,32,10),(182,244,48,80),(183,186,135,78),(184,267,128,12),(185,135,126,83),(186,5,12,57),(187,197,80,84),(188,251,135,91),(189,138,133,51),(190,22,140,84),(191,189,170,90),(192,190,81,74),(193,139,116,52),(194,90,166,45),(195,179,72,73),(196,299,84,88),(197,293,159,17),(198,172,35,16),(199,106,87,69),(200,169,141,61),(201,136,172,82),(202,233,77,33),(203,85,29,13),(204,161,182,37),(205,139,180,51),(206,111,145,26),(207,219,178,16),(208,171,47,11),(209,170,180,6),(210,174,57,4),(211,257,161,28),(212,209,200,14),(213,265,146,45),(214,243,9,48),(215,54,153,83),(216,255,35,14),(217,207,14,76),(218,153,127,6),(219,167,140,69),(220,258,119,22),(221,128,172,58),(222,82,34,55),(223,139,171,31),(224,218,8,8),(225,47,109,75),(226,25,45,1),(227,199,82,89),(228,43,147,9),(229,89,57,21),(230,129,94,32),(231,291,174,86),(232,267,41,89),(233,135,10,66),(234,169,156,63),(235,46,128,70),(236,292,69,81),(237,96,142,13),(239,45,50,18),(240,45,160,43),(241,189,121,23),(242,274,174,76),(243,143,103,15),(244,232,180,5),(245,122,187,54),(246,232,187,81),(247,138,30,87),(248,170,90,41),(249,232,78,45),(250,248,164,19),(252,245,114,93),(253,35,169,70),(254,71,157,77),(255,80,99,75),(256,292,66,17),(257,67,153,80),(258,45,37,74),(259,8,48,23),(260,95,137,40),(261,240,8,58),(262,275,142,94),(263,223,24,25),(264,184,173,3),(265,244,38,52),(266,85,78,80),(267,30,18,51),(268,249,74,19),(269,297,115,53),(270,146,11,20),(271,131,197,36),(272,58,135,85),(273,44,91,51),(274,193,185,89),(275,210,159,31),(276,50,152,24),(277,254,149,16),(278,180,58,58),(279,27,82,99),(280,49,153,52),(281,112,46,7),(282,297,92,58),(283,265,181,91),(284,75,172,82),(285,126,118,59),(286,184,110,75),(287,8,154,93),(288,2,99,52),(289,118,152,51),(290,246,135,63),(291,247,94,14),(292,46,142,60),(293,99,24,8),(294,300,35,27),(295,56,50,46),(296,12,49,12),(297,166,103,22),(298,17,52,96),(299,95,82,4),(300,73,72,62),(301,218,114,11),(302,19,125,20),(303,272,129,93),(304,214,149,76),(305,174,98,87),(306,14,24,31),(307,132,13,79),(308,156,116,3),(309,8,58,98),(310,237,168,79),(311,93,27,4),(312,132,84,21),(313,299,123,65),(314,266,180,44),(315,114,51,39),(316,65,25,36),(317,236,23,78),(318,204,98,9),(319,53,187,59),(320,250,79,66),(321,61,74,98),(322,223,61,6),(323,229,59,41),(324,28,192,100),(325,82,23,1),(326,104,101,46),(327,73,159,25),(328,42,126,37),(329,269,63,30),(330,269,141,10),(331,127,114,61),(332,238,159,48),(333,174,34,19),(334,56,157,77),(335,97,27,8),(336,68,119,98),(337,168,64,83),(338,187,178,50),(339,194,154,87),(340,5,126,73),(341,247,127,70),(342,234,40,51),(343,45,158,38),(344,160,105,30),(345,169,59,5),(346,43,90,68),(347,172,142,86),(348,89,26,42),(349,267,162,16),(350,205,164,12),(351,17,182,52),(352,9,39,30),(353,169,39,48),(354,44,128,64),(355,40,121,62),(356,66,37,81),(357,12,155,46),(358,203,169,94),(359,123,71,40),(360,197,105,85),(361,278,10,84),(362,170,190,65),(363,211,166,11),(364,220,48,17),(365,213,11,44),(366,67,43,14),(367,207,19,75),(368,235,163,26),(369,106,129,34),(370,76,81,29),(371,116,15,97),(372,183,166,99),(373,90,198,11),(374,124,5,83),(375,279,112,26),(376,48,102,86),(377,93,187,44),(378,68,114,39),(379,79,177,46),(380,249,94,37),(381,281,194,4),(382,242,91,64),(383,81,168,99),(384,277,101,62),(385,111,96,83),(386,252,149,18),(387,295,99,75),(388,102,186,99),(389,40,95,57),(390,84,43,7),(391,235,151,26),(392,239,69,89),(393,270,101,32),(394,268,22,61),(395,40,121,49),(396,251,164,70),(397,36,47,32),(398,263,162,45),(399,21,108,86),(400,205,103,19),(401,59,99,73),(402,100,151,82),(403,62,124,52),(404,14,45,53),(405,103,67,96),(406,83,25,70),(407,207,52,81),(408,213,27,7),(409,130,68,93),(410,267,12,91),(411,176,148,3),(412,55,155,7),(413,204,131,34),(414,38,13,58),(415,245,89,63),(416,230,180,43),(417,137,145,91),(418,229,59,100),(419,252,183,1),(420,274,17,40),(421,149,164,78),(422,218,9,86),(423,194,173,44),(424,165,4,54),(425,73,160,98),(426,236,200,79),(427,96,52,57),(428,276,193,42),(429,237,168,53),(430,198,152,72),(431,255,4,71),(432,282,89,83),(433,190,170,73),(434,272,48,27),(436,140,183,67),(437,54,101,40),(438,199,163,68),(439,66,164,62),(440,8,34,53),(441,289,153,63),(442,118,145,48),(443,217,7,97),(444,185,191,84),(445,199,90,58),(446,17,176,6),(447,265,11,8),(448,189,187,7),(449,263,184,5),(450,134,25,28),(451,132,161,3),(452,170,78,21),(453,146,196,14),(454,132,36,58),(455,46,29,86),(456,20,146,4),(457,14,89,68),(458,233,190,49),(459,54,172,47),(460,125,4,81),(461,239,72,41),(462,55,60,64),(463,23,74,70),(464,74,139,94),(465,251,109,26),(466,154,170,15),(467,300,92,47),(468,34,126,33),(469,61,156,12),(470,199,19,91),(471,216,81,40),(472,7,64,55),(473,135,18,28),(474,151,127,30),(475,102,61,96),(476,290,27,70),(477,77,107,68),(478,127,17,9),(479,113,67,59),(480,252,53,77),(481,71,146,6),(482,38,93,7),(483,90,107,54),(484,78,128,74),(485,256,7,1),(486,288,84,50),(487,52,68,51),(488,89,195,65),(489,291,181,13),(490,283,176,89),(491,99,48,95),(492,83,16,11),(493,196,80,50),(494,15,105,24),(495,133,168,94),(496,168,57,83),(497,208,177,49),(498,20,46,80),(499,228,70,16),(500,20,169,11),(501,301,90,22);
/*!40000 ALTER TABLE `Inventory` ENABLE KEYS */;
UNLOCK TABLES;

--
-- Table structure for table `Rack`
--

DROP TABLE IF EXISTS `Rack`;
/*!40101 SET @saved_cs_client     = @@character_set_client */;
/*!50503 SET character_set_client = utf8mb4 */;
CREATE TABLE `Rack` (
  `rack_id` bigint DEFAULT NULL,
  `warehouse_id` bigint DEFAULT NULL,
  `aisle_section` text,
  `aisle_header` text
) ENGINE=InnoDB DEFAULT CHARSET=utf8mb4 COLLATE=utf8mb4_0900_ai_ci;
/*!40101 SET character_set_client = @saved_cs_client */;

--
-- Dumping data for table `Rack`
--

LOCK TABLES `Rack` WRITE;
/*!40000 ALTER TABLE `Rack` DISABLE KEYS */;
INSERT INTO `Rack` VALUES (1,34,'Section-7','Header-12'),(2,6,'Section-2','Header-19'),(3,19,'Section-6','Header-4'),(4,4,'Section-2','Header-15'),(5,27,'Section-10','Header-18'),(6,16,'Section-8','Header-9'),(7,13,'Section-1','Header-16'),(8,14,'Section-2','Header-5'),(9,30,'Section-6','Header-10'),(10,24,'Section-6','Header-18'),(11,14,'Section-2','Header-10'),(12,7,'Section-9','Header-10'),(13,23,'Section-3','Header-14'),(14,4,'Section-1','Header-20'),(15,32,'Section-2','Header-15'),(16,37,'Section-7','Header-12'),(17,23,'Section-1','Header-2'),(18,39,'Section-8','Header-13'),(19,21,'Section-10','Header-15'),(20,14,'Section-4','Header-18'),(21,19,'Section-7','Header-10'),(22,14,'Section-2','Header-8'),(23,11,'Section-6','Header-4'),(24,5,'Section-10','Header-14'),(25,32,'Section-9','Header-17'),(26,44,'Section-8','Header-1'),(27,50,'Section-3','Header-1'),(28,22,'Section-10','Header-10'),(29,36,'Section-2','Header-1'),(30,24,'Section-8','Header-11'),(31,10,'Section-9','Header-8'),(32,34,'Section-7','Header-9'),(33,43,'Section-8','Header-4'),(34,26,'Section-2','Header-16'),(35,42,'Section-9','Header-2'),(36,21,'Section-5','Header-7'),(37,14,'Section-2','Header-6'),(38,26,'Section-1','Header-10'),(39,49,'Section-2','Header-20'),(40,34,'Section-6','Header-2'),(41,38,'Section-9','Header-1'),(42,21,'Section-8','Header-9'),(43,36,'Section-1','Header-9'),(44,49,'Section-4','Header-13'),(45,34,'Section-5','Header-3'),(46,23,'Section-2','Header-8'),(47,43,'Section-3','Header-14'),(48,7,'Section-4','Header-13'),(49,8,'Section-5','Header-10'),(50,15,'Section-6','Header-11'),(51,34,'Section-6','Header-16'),(52,48,'Section-6','Header-15'),(53,24,'Section-7','Header-15'),(54,28,'Section-8','Header-17'),(55,19,'Section-8','Header-2'),(56,45,'Section-8','Header-3'),(57,40,'Section-2','Header-8'),(58,38,'Section-2','Header-8'),(59,15,'Section-1','Header-5'),(60,20,'Section-5','Header-6'),(61,8,'Section-8','Header-10'),(62,14,'Section-7','Header-19'),(63,14,'Section-1','Header-10'),(64,38,'Section-5','Header-10'),(65,14,'Section-2','Header-10'),(66,17,'Section-4','Header-14'),(67,16,'Section-1','Header-11'),(68,19,'Section-8','Header-4'),(69,26,'Section-8','Header-13'),(70,31,'Section-3','Header-5'),(71,8,'Section-10','Header-1'),(72,41,'Section-3','Header-8'),(73,11,'Section-4','Header-5'),(74,2,'Section-8','Header-14'),(75,44,'Section-3','Header-18'),(76,34,'Section-10','Header-5'),(77,40,'Section-5','Header-19'),(78,9,'Section-1','Header-8'),(79,31,'Section-7','Header-12'),(80,42,'Section-9','Header-2'),(81,11,'Section-1','Header-5'),(82,34,'Section-4','Header-19'),(83,18,'Section-4','Header-12'),(84,3,'Section-5','Header-3'),(85,18,'Section-5','Header-14'),(86,20,'Section-8','Header-7'),(87,43,'Section-10','Header-12'),(88,27,'Section-7','Header-1'),(89,7,'Section-10','Header-7'),(90,12,'Section-2','Header-16'),(91,40,'Section-8','Header-16'),(92,16,'Section-4','Header-3'),(93,14,'Section-2','Header-18'),(94,12,'Section-3','Header-11'),(95,6,'Section-9','Header-20'),(96,27,'Section-7','Header-12'),(97,31,'Section-8','Header-9'),(98,21,'Section-7','Header-8'),(99,49,'Section-8','Header-17'),(100,24,'Section-10','Header-20'),(101,43,'Section-1','Header-19'),(102,3,'Section-5','Header-19'),(103,44,'Section-9','Header-7'),(104,36,'Section-2','Header-20'),(105,8,'Section-9','Header-19'),(106,38,'Section-1','Header-15'),(107,25,'Section-9','Header-11'),(108,21,'Section-4','Header-18'),(109,18,'Section-9','Header-17'),(110,27,'Section-2','Header-4'),(111,4,'Section-10','Header-12'),(112,31,'Section-2','Header-9'),(113,16,'Section-2','Header-17'),(114,43,'Section-8','Header-5'),(115,47,'Section-3','Header-1'),(116,41,'Section-6','Header-1'),(117,43,'Section-10','Header-17'),(118,21,'Section-2','Header-1'),(119,48,'Section-9','Header-15'),(120,30,'Section-6','Header-4'),(121,34,'Section-4','Header-6'),(122,22,'Section-5','Header-14'),(123,17,'Section-10','Header-18'),(124,42,'Section-6','Header-9'),(125,39,'Section-5','Header-4'),(126,30,'Section-10','Header-18'),(127,2,'Section-3','Header-10'),(128,7,'Section-3','Header-9'),(129,48,'Section-2','Header-17'),(130,22,'Section-3','Header-19'),(131,17,'Section-9','Header-3'),(132,47,'Section-1','Header-1'),(133,34,'Section-4','Header-20'),(134,26,'Section-5','Header-9'),(135,17,'Section-3','Header-2'),(136,39,'Section-8','Header-8'),(137,8,'Section-6','Header-4'),(138,36,'Section-3','Header-9'),(139,1,'Section-6','Header-17'),(140,38,'Section-7','Header-14'),(141,15,'Section-1','Header-15'),(142,26,'Section-10','Header-9'),(143,25,'Section-3','Header-3'),(144,22,'Section-3','Header-10'),(145,45,'Section-9','Header-18'),(146,41,'Section-3','Header-4'),(147,17,'Section-6','Header-10'),(148,15,'Section-6','Header-13'),(149,30,'Section-1','Header-3'),(150,49,'Section-10','Header-5'),(151,45,'Section-7','Header-5'),(152,25,'Section-8','Header-20'),(153,42,'Section-6','Header-12'),(154,37,'Section-6','Header-6'),(155,9,'Section-10','Header-10'),(156,24,'Section-6','Header-8'),(157,35,'Section-7','Header-3'),(158,2,'Section-1','Header-12'),(159,15,'Section-9','Header-18'),(160,26,'Section-3','Header-13'),(161,40,'Section-4','Header-19'),(162,46,'Section-2','Header-2'),(163,16,'Section-7','Header-16'),(164,37,'Section-2','Header-20'),(165,18,'Section-1','Header-6'),(166,28,'Section-2','Header-9'),(167,16,'Section-3','Header-9'),(168,40,'Section-6','Header-3'),(169,25,'Section-1','Header-11'),(170,44,'Section-2','Header-16'),(171,35,'Section-3','Header-7'),(172,1,'Section-7','Header-11'),(173,14,'Section-7','Header-19'),(174,12,'Section-9','Header-6'),(175,33,'Section-8','Header-14'),(176,19,'Section-8','Header-16'),(177,33,'Section-8','Header-1'),(178,20,'Section-9','Header-4'),(179,34,'Section-9','Header-8'),(180,30,'Section-8','Header-13'),(181,50,'Section-8','Header-18'),(182,4,'Section-7','Header-2'),(183,1,'Section-4','Header-5'),(184,44,'Section-7','Header-16'),(185,45,'Section-10','Header-4'),(186,23,'Section-3','Header-3'),(187,12,'Section-5','Header-3'),(188,27,'Section-7','Header-2'),(189,21,'Section-8','Header-7'),(190,2,'Section-6','Header-8'),(191,45,'Section-9','Header-17'),(192,7,'Section-6','Header-2'),(193,12,'Section-1','Header-5'),(194,50,'Section-5','Header-2'),(195,26,'Section-2','Header-6'),(196,12,'Section-2','Header-18'),(197,49,'Section-9','Header-16'),(198,32,'Section-3','Header-19'),(199,9,'Section-9','Header-20'),(200,35,'Section-7','Header-7');
/*!40000 ALTER TABLE `Rack` ENABLE KEYS */;
UNLOCK TABLES;

--
-- Table structure for table `Supplier`
--

DROP TABLE IF EXISTS `Supplier`;
/*!40101 SET @saved_cs_client     = @@character_set_client */;
/*!50503 SET character_set_client = utf8mb4 */;
CREATE TABLE `Supplier` (
  `supplier_id` bigint DEFAULT NULL,
  `supplier_name` text
) ENGINE=InnoDB DEFAULT CHARSET=utf8mb4 COLLATE=utf8mb4_0900_ai_ci;
/*!40101 SET character_set_client = @saved_cs_client */;

--
-- Dumping data for table `Supplier`
--

LOCK TABLES `Supplier` WRITE;
/*!40000 ALTER TABLE `Supplier` DISABLE KEYS */;
INSERT INTO `Supplier` VALUES (1,'Barnett PLC'),(2,'Hansen, Clark and Flores'),(3,'Wilkins, Montes and Fischer'),(4,'Brown LLC'),(5,'Mooney, Sanchez and Bailey'),(6,'Dalton PLC'),(7,'Lloyd-Foster'),(8,'Frye-Baker'),(9,'Johnston-Lopez'),(10,'Snyder, Schmidt and Berg'),(11,'Johnson-Mendoza'),(12,'Thomas-Mercer'),(13,'Rodgers, Marshall and Brown'),(14,'Gardner PLC'),(15,'Bennett Group'),(16,'Martin Group'),(17,'Coleman-Jimenez'),(18,'Miranda, Carr and Murphy'),(19,'Hardy PLC'),(20,'Crawford-Rivas'),(21,'Jackson, Clayton and Montgomery'),(22,'Hernandez LLC'),(23,'Barker PLC'),(24,'Holloway and Sons'),(25,'Nichols-Harris'),(26,'Thompson Inc'),(27,'Kline, Thomas and Perez'),(28,'Bartlett, Ray and Reed'),(29,'Harris Ltd'),(30,'Gonzales-Lang'),(31,'Johnson-Wright'),(32,'Williams Group'),(33,'Bauer, Stephens and Benjamin'),(34,'Johnson and Sons'),(35,'Jenkins-Luna'),(36,'Davis, Brown and Rocha'),(37,'Barton PLC'),(38,'Roberson, Martin and Blackwell'),(39,'Thompson, Gonzalez and Glass'),(40,'Savage and Sons'),(41,'Castro, Stewart and Johnson'),(42,'Thompson, Bates and Walter'),(43,'Griffin LLC'),(44,'Stone Ltd'),(45,'Anderson Inc'),(46,'Arias, Gould and Russell'),(47,'Leonard, Hill and Ramirez'),(48,'Brown, Long and Lowery'),(49,'Roberts, Carter and Davidson'),(50,'Lucas, Ryan and Scott'),(51,'JStore');
/*!40000 ALTER TABLE `Supplier` ENABLE KEYS */;
UNLOCK TABLES;

--
-- Table structure for table `Supplies`
--

DROP TABLE IF EXISTS `Supplies`;
/*!40101 SET @saved_cs_client     = @@character_set_client */;
/*!50503 SET character_set_client = utf8mb4 */;
CREATE TABLE `Supplies` (
  `supplier_id` bigint DEFAULT NULL,
  `clothing_id` bigint DEFAULT NULL
) ENGINE=InnoDB DEFAULT CHARSET=utf8mb4 COLLATE=utf8mb4_0900_ai_ci;
/*!40101 SET character_set_client = @saved_cs_client */;

--
-- Dumping data for table `Supplies`
--

LOCK TABLES `Supplies` WRITE;
/*!40000 ALTER TABLE `Supplies` DISABLE KEYS */;
INSERT INTO `Supplies` VALUES (5,97),(49,270),(15,29),(47,146),(6,58),(19,236),(31,11),(33,17),(20,61),(35,107),(41,293),(5,249),(50,145),(46,142),(37,248),(6,155),(26,207),(19,40),(14,210),(2,128),(48,204),(13,143),(23,84),(22,186),(46,41),(10,12),(49,134),(37,115),(24,258),(14,104),(11,173),(50,213),(36,118),(8,137),(8,116),(49,201),(7,138),(46,126),(7,131),(9,68),(24,27),(28,286),(35,224),(44,272),(30,83),(24,145),(39,163),(33,203),(19,35),(40,200),(30,2),(9,273),(41,81),(49,252),(41,87),(27,263),(42,25),(43,15),(22,269),(35,147),(31,64),(14,93),(26,107),(8,193),(40,166),(28,101),(8,288),(44,46),(48,57),(13,33),(50,44),(5,269),(48,186),(50,28),(49,194),(39,275),(12,281),(30,270),(47,166),(28,51),(45,263),(32,210),(24,152),(49,52),(47,256),(22,179),(13,245),(10,275),(23,276),(1,83),(11,23),(25,187),(38,57),(11,32),(21,47),(38,140),(17,176),(23,132),(46,61),(4,58),(4,285),(48,182),(30,251),(8,266),(16,133),(16,33),(7,89),(23,195),(32,102),(18,181),(3,285),(19,243),(39,32),(50,214),(17,292),(14,201),(13,214),(4,54),(6,158),(29,4),(33,157),(32,71),(5,252),(11,124),(3,130),(3,300),(39,109),(15,77),(35,113),(42,113),(38,165),(21,125),(9,267),(22,188),(50,179),(19,135),(36,83),(36,73),(11,200),(43,106),(44,133),(7,96),(40,205),(2,254),(48,191),(32,204),(21,287),(10,150),(8,212),(33,283),(33,290),(26,266),(26,110),(41,152),(36,107),(6,238),(38,237),(3,207),(38,110),(6,191),(3,135),(26,31),(45,87),(4,278),(9,187),(36,269),(44,183),(2,251),(36,109),(7,190),(32,53),(7,199),(44,189),(23,200),(49,4),(35,237),(19,54),(10,25),(39,254),(38,227),(33,244),(43,297),(36,18),(38,135),(25,2),(23,12),(33,154),(4,49),(7,54),(33,100),(17,201),(12,73),(21,193),(35,139),(38,74),(22,168),(34,233),(49,192),(35,33),(20,143),(17,222),(19,12),(48,86),(28,37),(13,83),(5,101),(46,175),(8,76),(28,287),(1,56),(12,140),(29,24),(37,182),(1,258),(32,168),(39,204),(43,38),(22,143),(9,165),(37,152),(38,292),(46,219),(32,300),(18,165),(12,68),(23,190),(19,146),(44,72),(17,162),(49,23),(37,102),(33,259),(22,208),(24,195),(8,15),(38,189),(14,51),(48,71),(32,233),(30,22),(23,166),(33,140),(1,265),(29,135),(13,169),(25,57),(22,72),(16,55),(33,275),(42,168),(48,102),(34,175),(18,80),(37,249),(2,176),(22,41),(48,205),(29,221),(4,90),(2,217),(50,4),(46,209),(3,39),(11,108),(15,293),(14,151),(38,244),(32,35),(10,226),(12,205),(26,256),(16,217),(22,98),(22,11),(7,44),(46,44),(4,162),(38,130),(33,141),(33,274),(7,45),(43,206),(24,13),(42,44),(48,283),(36,218),(20,249),(28,157),(5,23),(43,36),(23,300),(31,52),(34,146),(16,95),(1,121),(16,266),(38,121),(47,279),(51,301);
/*!40000 ALTER TABLE `Supplies` ENABLE KEYS */;
UNLOCK TABLES;

--
-- Table structure for table `Warehouse`
--

DROP TABLE IF EXISTS `Warehouse`;
/*!40101 SET @saved_cs_client     = @@character_set_client */;
/*!50503 SET character_set_client = utf8mb4 */;
CREATE TABLE `Warehouse` (
  `warehouse_id` bigint DEFAULT NULL,
  `address` text,
  `regional_manager_ssn` bigint DEFAULT NULL
) ENGINE=InnoDB DEFAULT CHARSET=utf8mb4 COLLATE=utf8mb4_0900_ai_ci;
/*!40101 SET character_set_client = @saved_cs_client */;

--
-- Dumping data for table `Warehouse`
--

LOCK TABLES `Warehouse` WRITE;
/*!40000 ALTER TABLE `Warehouse` DISABLE KEYS */;
INSERT INTO `Warehouse` VALUES (1,'Unit 5271 Box 5817\nDPO AE 49036',749320352),(2,'8424 Grant Expressway\nNew Roberttown, ME 79168',46441723),(3,'840 Mcneil Court Apt. 952\nLoganville, KY 90976',898288241),(4,'PSC 8754, Box 7343\nAPO AP 71532',583836758),(5,'0070 Daniel Locks Apt. 887\nWest Anneborough, PA 87130',570333528),(6,'079 Julie Junctions Apt. 859\nEast Patricia, WI 01642',519804801),(7,'419 James Trafficway Apt. 781\nLake Brandonport, NC 41331',624094743),(8,'Unit 9613 Box 7741\nDPO AP 43957',836530574),(9,'Unit 4383 Box 9274\nDPO AP 12251',449702355),(10,'Unit 1941 Box 3927\nDPO AP 75638',171577747),(11,'7483 Bennett Plaza Apt. 549\nPort Pamela, GA 95550',314886609),(12,'608 Bell Camp Suite 607\nWest Lindaberg, PR 33099',383415067),(13,'23847 Delgado Curve Suite 199\nNew Thomas, VT 51420',288058541),(14,'8353 Christina Prairie\nEast Rebeccahaven, FM 13197',265033647),(15,'USNS Young\nFPO AP 58790',534949246),(16,'4047 Davis Cove Suite 229\nSinghhaven, OR 93500',282553882),(17,'6604 Jessica Plaza Apt. 004\nRebeccafurt, CT 81919',317213631),(18,'USS Stone\nFPO AA 17335',836530574),(19,'513 Gonzalez Manor\nTerryborough, WI 69398',256209455),(20,'858 Ellis Gardens Apt. 296\nHowellborough, TN 89808',298958590),(21,'1314 Cook Estates Suite 530\nLake Jasmine, CO 10649',534949246),(22,'PSC 3444, Box 6645\nAPO AA 40598',693330939),(23,'678 Davis Station Apt. 144\nNorth Adrienne, AS 25558',435452297),(24,'10896 Kennedy Coves\nSouth Andrew, MH 47844',502591256),(25,'37603 Lisa Vista\nEvansmouth, WI 31004',439840652),(26,'12515 Mendez Path\nKellyfort, FL 69930',282553882),(27,'5137 Mcintosh Ways Apt. 031\nNatalieside, AS 00737',254021811),(28,'8385 Crystal Ridge\nMatthewfort, ME 10474',542263992),(29,'11285 Tapia Branch Suite 332\nAndrewberg, PA 11793',265033647),(30,'836 Brittney Junctions Apt. 343\nJillbury, TN 41923',309543521),(31,'88490 Gutierrez Lane\nPort Conniehaven, NV 14974',758334171),(32,'PSC 9919, Box 8848\nAPO AA 85276',709799068),(33,'29048 Calvin Islands\nErinfort, SC 11697',534550668),(34,'58819 Susan Rapid Suite 342\nPetersonfurt, AZ 01299',472249590),(35,'66083 Odom Orchard\nNorth Veronica, VT 32369',681739885),(36,'25568 Joshua Vista\nNorth Mary, CO 36584',314886609),(37,'6521 Amy Glens Apt. 468\nNorth Stephenfort, GU 08798',217160628),(38,'38116 Ward Square\nOrtizstad, AR 39972',637921428),(39,'9688 Perez Heights\nKyleside, AS 75623',181522069),(40,'902 Hughes Island Apt. 858\nBergerview, ND 45911',27494990),(41,'390 Charles Hills\nGreertown, PA 46905',358672489),(42,'328 Wilson Fort\nNew Stephaniefurt, NY 49462',797071098),(43,'3145 Luis Islands\nWilliamston, PA 63229',83709881),(44,'952 Kevin Throughway\nJenniferfort, NY 82461',185112705),(45,'571 Miller Flats Apt. 104\nJaimemouth, MS 02928',724635598),(46,'PSC 6108, Box 5409\nAPO AP 78162',358672489),(47,'0191 Brennan Vista\nEast Sandra, GU 16770',290853656),(48,'Unit 8163 Box 5530\nDPO AP 05583',504776788),(49,'8707 Rhodes Estates Suite 630\nBrewerburgh, MO 77867',585028248),(50,'2329 Edward Place Apt. 576\nLake Mariah, GA 46210',311036665);
/*!40000 ALTER TABLE `Warehouse` ENABLE KEYS */;
UNLOCK TABLES;
/*!40103 SET TIME_ZONE=@OLD_TIME_ZONE */;

/*!40101 SET SQL_MODE=@OLD_SQL_MODE */;
/*!40014 SET FOREIGN_KEY_CHECKS=@OLD_FOREIGN_KEY_CHECKS */;
/*!40014 SET UNIQUE_CHECKS=@OLD_UNIQUE_CHECKS */;
/*!40101 SET CHARACTER_SET_CLIENT=@OLD_CHARACTER_SET_CLIENT */;
/*!40101 SET CHARACTER_SET_RESULTS=@OLD_CHARACTER_SET_RESULTS */;
/*!40101 SET COLLATION_CONNECTION=@OLD_COLLATION_CONNECTION */;
/*!40111 SET SQL_NOTES=@OLD_SQL_NOTES */;

-- Dump completed on 2026-03-30  0:10:28
